;numero_da_pagina;codigo;nome_do_pregao;codigo_de_negociacao;cnpj;atividade_principal;classificacao_setorial;escriturador
0;1;AACL;;;;;;
1;1;ABAP;ABAPORTO;;;;;
2;1;ABCC;;;;;;
3;1;ABGD;ABDEN GOLD;ABGD39;;;;
4;1;ABMX;ABIMEX;;;;;
5;1;ABPR;ABAPORU;;;;;
6;1;ABRL;ABRIL COM;;;;;
7;1;ACEC;ACECOTI;;;;;
8;1;ATBC;ABCONCESSOES;;;;;
9;1;AYOS;;;;;;
10;1;BODY;BODYTECH;;;;;
11;1;BRAV;BRAVA;BRAV3;12.091.809/0001-55;Exploração. produção. refino e comercialização de petróleo. gás natural e derivados. incluindo. tratamento. processamento. estocagem. liquefação e regaseificação de gás natural.;Petróleo. Gás e Biocombustíveis / Petróleo. Gás e Biocombustíveis / Exploração. Refino e Distribuição;ITAU CORRETORA ACOES
12;1;FCEF;ACEF;;;;;
13;1;GRDR;GERADORA;;;;;
14;1;NNPY;;;;;;
15;1;PTGU;;;;;;
16;1;QVQP;524 PARTICIP;QVQP3;01.851.771/0001-55;Holding - participação em outras sociedades;Outros / Outros / Outros;ITAU CORRETORA ACOES
17;1;SIVR;ABDEN SILV;SIVR39;;;;
18;1;TZRD;3ZREALTY;;;;;
19;1;UQMU;;;;;;
20;10;ACRC;;;;;;
21;10;AENE;;;;;;
22;10;AHGD;;;;;;
23;10;ATDC;ATIVAS;;;;;
24;10;ATEB;ATENTOBRASIL;;;;;
25;10;ATEM;ATEMS;;;;;
26;10;ATES;;;;;;
27;10;ATEV;ATE VIII TRA;;;;;
28;10;ATHT;;;;;;
29;10;ATII;;;;;;
30;10;ATKJ;ATAKAREJO DI;;;;;
31;10;ATLE;ATLANTIC;;;;;
32;10;ATMF;;;;;;
33;10;ATMP;ATMASA;ATMP3;04.032.433/0001-80;A ATMA Participações S.A. tem como objeto social a participação. direta e indireta. em outras sociedades comerciais e civis. como sócia. acionista ou quotista. no país ou no exterior.;Bens Industriais / Serviços / Serviços Diversos;ITAU CORRETORA ACOES
34;10;ATOM;ATOMPAR;ATOM3;00.359.742/0001-08;Holding de instituições não financeiras.;Outros / Outros / Outros;BRADESCO
35;10;ATVO;ATIVOS;;;;;
36;10;CNVI;ATE VI CAMPO;;;;;
37;10;CRFB;CARREFOUR BR;CRFB3;75.315.333/0001-09;"Comércio varejista e atacadista de mercadorias em geral; Carga e descarga; Correspondentes de instituições financeiras; Atividades de teleatendimento; Serviços de Alimentação entre outros";Consumo não Cíclico / Comércio e Distribuição / Alimentos;ITAU CORRETORA ACOES
38;10;FVII;ATE VII FOZ;;;;;
39;10;LNDV;ATE V LONDRI;;;;;
40;11;AALM;AURAALMASMIN;;"Exploração. prospecção. industrialização e comercialização de minério de qualquer natureza; importação e exportação de bens e produtos ligados à atividade principal; exploração de jazidas.";Materiais Básicos / Mineração / Minerais Metálicos;;ITAU CORRETORA DEBENTURES
41;11;APFD;AUTOFERDIAS;;Concessionária de Rodovias. pontes. túneis e serviçios relacionados;Não Classificados / Não Classificado / Não Classificados;;ITAU CORRETORA ACOES
42;11;APMC;;;;;;
43;11;APPS;AUTOPLANSUL;;Concessionária de Rodovia;Não Classificados / Não Classificado / Não Classificados;;ITAU CORRETORA ACOES
44;11;APRB;AUTOREGIS;;Concessionária de rodovias;Não Classificados / Não Classificado / Não Classificados;;ITAU CORRETORA ACOES
45;11;ASHS;;;;;;
46;11;ASVI;;;;;;
47;11;ATAM;ATTEND;;;;;
48;11;ATGS;;;;;;
49;11;ATMB;AUTOMOB;;A Companhia tem como objeto social a exploração das seguintes atividades: participação em outras sociedades empresariais. como sócia ou acionista. no Brasil ou no exterior.;Financeiro / Holdings Diversificadas / Holdings Diversificadas;www.https://www.automob.com.br/relacao-com-investidores;BRADESCO - DEBENT.
50;11;ATRM;ATRIUMEMP;;;;;
51;11;ATVS;ATVOSAGRO;;;;;
52;11;AUCK;AUCKLAND;;;;;
53;11;AURA;AURA 360;AURA33;07.857.093/0001-14;Aproveitamento de jazidas minerais. principalmente por meio de exploração e extração de minérios. com foco em ouro e cobre.;Materiais Básicos / Mineração / Minerais Metálicos;
54;11;AURE;AUREN;AURE3;28.594.234/0001-23;Participação em empresas de geração. transmissão e comercialização de energia elétrica e a prestação de serviços correlatos.;Utilidade Pública / Energia Elétrica / Energia Elétrica;ITAU CORRETORA ACOES
55;11;AURT;AURATUS;;;;;
56;11;AUUT;AUTOPASS S/A;;;;;
57;11;GSVI;;;;;;
58;11;PLSB;AUTOLITSUL;;Concessionária de Rodovias;Não Classificados / Não Classificado / Não Classificados;;ITAU CORRETORA ACOES
59;11;RICI;AUTORICCI;;;;;
60;12;ASII;;;;;;
61;12;ATRD;AUTOSTRADE;;;;;
62;12;AVGE;;;;;;
63;12;AVNH;;;;;;
64;12;AXEP;;;;;;
65;12;AXS3;;;;;;
66;12;AXS4;;;;;;
67;12;AXS8;;;;;;
68;12;AXS9;;;;;;
69;12;AXSC;;;;;;
70;12;AXSD;;;;;;
71;12;AXSE;;;;;;
72;12;AXSO;;;;;;
73;12;AXSU;;;;;;
74;12;AXVS;;;;;;
75;12;AZEV;AZEVEDO;AZEV4;61.351.532/0001-68;Execução de obras de construção pesada junto à órgãos púbicos e iniciativa privada.;Bens Industriais / Construção e Engenharia / Construção Pesada;ITAU CORRETORA ACOES
76;12;AZLA;AZULAEREAS;;;;;
77;12;AZUL;AZUL;AZUL4;09.305.994/0001-29;Transporte e Logística;Bens Industriais / Transporte / Transporte Aéreo;ITAU CORRETORA ACOES
78;12;AZZA;AZZAS 2154;AZZA3;16.590.234/0001-76;O principal ramo de atividade é a industrialização. o comércio atacadista de couros. lãs. peles e subprodutos de origem animal e a confecção. fabricação e comercialização de artigos de vestuário.;Consumo Cíclico / Comércio / Tecidos. Vestuário e Calçados;ITAU CORRETORA ACOES
79;12;PAXS;;;;;;
80;13;AGBK;AGIBANKBC;;;;;
81;13;B3SA;B3;B3SA3;09.346.601/0001-25;"Principais atividades: administrar mercados organizados de títulos e valores mobiliários; prestar serviços de registro. compensação e liquidação e de suporte à operações de financiamento";Financeiro / Serviços Financeiros Diversos / Serviços Financeiros Diversos;BRADESCO
82;13;BAEP;;;;;;
83;13;BAHI;BAHEMA;BAHI3;45.987.245/0001-92;Prestação de serviços educacionais. diretamente ou por meio de participação em outras sociedades. nas áreas de educação pré-escolar. infantil e básica (ensino fundamental ao ensino médio).;Consumo Cíclico / Diversos / Serviços Educacionais;ITAUBANCO - ACOES
84;13;BAHR;;;;;;
85;13;BBHI;BOCOMBBMBM;;;;;
86;13;BBLN;BABILONIA;;;;;
87;13;BBMF;BCOB3BC;;;;;
88;13;BCPA;;;;;;
89;13;BCRD;ABNBM;;;;;
90;13;BCXG;CAIXAGERALBM;;;;;
91;13;BDEP;BANDEPEBM;;;;;
92;13;BGNL;JSLAM;;;;;
93;13;BIBI;BRADESCARDBM;;;;;
94;13;BMBO;;;;;;
95;13;BMGB;BANCO BMG;BMGB4;61.186.680/0001-74;Prática de todas as operações ativas. passivas e acessórias permitidas nas normas legais e regulamentares para o funcionamento dos bancos com carteira comercial. de investimento. inclusive câmbio;Financeiro / Intermediários Financeiros / Bancos;ITAU CORRETORA ACOES
96;13;IAME;BRADCARBM;;;;;
97;13;LMON;ANDBANKBM;;;;;
98;13;PCHB;BAHIAPCH;;;;;
99;13;ZYQZ;BRADESCOFINA;;;;;
100;14;BAJR;B.A.PARTICIP;;;;;
101;14;BBGN;BCOCETELEMBM;;;;;
102;14;BCAP;CAPITALBM;;;;;
103;14;BCGL;CARGILLBM;;;;;
104;14;BCHN;CHINABM;;;;;
105;14;BCLB;AGRICOLEBM;;;;;
106;14;BCSF;CSFBM;;;;;
107;14;BFIB;FIBRABM;;;;;
108;14;BGEC;CIFRABM;;;;;
109;14;BIFB;SUISSEBI;;;;;
110;14;BNAR;LANACIONARGE;;;;;
111;14;BPNB;CREFISABC;;;;;
112;14;CITI;CITIBM;;;;;
113;14;CLAS;CLASSICOBM;;;;;
114;14;CNHC;CNHCAPITALBM;;;;;
115;14;CTPL;CATERPILLARB;;;;;
116;14;FTOR;FATORBM;;;;;
117;14;ITAM;CBSSBM;;;;;
118;14;LAGE;LAGEBM;;;;;
119;14;SCDI;SICREDIBM;;;;;
120;16;BBRA;BCOSISTEMABM;;;;;
121;16;BMTN;ORIGINALBM;;;;;
122;16;BNSC;BONSUCESSOCO;;;;;
123;16;BPSA;PSAFINANCEBM;;;;;
124;16;BRED;RODOBENSBM;;;;;
125;16;BSAF;SAFRABM;;;;;
126;16;BTMB;MUFGBM;;;;;
127;16;BTOY;BCOTOYOTABM;;;;;
128;16;BVLV;VOLVOBM;;;;;
129;16;EBLM;SEMEARBM;;;;;
130;16;JBSB;ORIGINALAGRO;;;;;
131;16;MSDW;MORGANSTANLE;;;;;
132;16;ORIV;OURINVESTBM;;;;;
133;16;RBBK;RABOBANKBM;;;;;
134;16;REND;RENDIMENTOBC;;;;;
135;16;SMTM;SUMITOMOBM;;;;;
136;16;TCRY;TRICURYBM;;;;;
137;16;TPZB;TOPAZIOBM;;;;;
138;16;VIPL;VIPALBM;;;;;
139;16;WTLB;MIZUHOBM;;;;;
140;17;BALM;BAUMER;BALM4;61.374.161/0001-30;Fabricação aparelhos e instrumentos p/ uso medico hospitalar e ortopedia;Saúde / Equipamentos / Equipamentos;ITAU CORRETORA ACOES
141;17;BARU;;;;;;
142;17;BBMD;DBSA;;;;;
143;17;BBML;BBMLOGISTICA;BBML3;01.107.327/0001-20;Prestação de serviços logísticos através de operações dedicadas e transporte de carga geral fracionada.;Bens Industriais / Serviços / Serviços Diversos;ITAU CORRETORA ACOES
144;17;BBSE;BBSEGURIDADE;BBSE3;17.344.597/0001-94;Participação no capital social de outras sociedades que realizem quaisquer atividades reguladas pela SUSEP e ANS. além de corretagem desses produtos.;Financeiro / Previdência e Seguros / Seguradoras;BRASIL
145;17;BCVR;VRBM;;;;;
146;17;BDLL;BARDELLA;BDLL4;60.851.615/0001-53;Bens de capital. Produtos e Serviços para os segmentos de Metalurgia. Movimentação de Materiais. Óleo e Gás. Energia e Aços Laminados e Trefilados. para os mercados nacionais e internacional;Bens Industriais / Máquinas e Equipamentos / Máq. e Equip. Industriais;ITAU CORRETORA ACOES
147;17;BEES;BANESTES;BEES4;28.127.603/0001-78;Intermediação Financeira inerente aos Bancos Múltiplos por meio das carteiras autorizadas. inclusive Operações de Câmbio.;Financeiro / Intermediários Financeiros / Bancos;ITAUBANCO - ACOES
148;17;BHSA;;;;;;
149;17;BKEU;;;;;;
150;17;BMLI;MERRILLLYNCH;;;;;
151;17;BMNS;BAUMINASLOG;;;;;
152;17;BNDC;BANDADECOURO;;;;;
153;17;BRCA;BARCAS;;;;;
154;17;BREG;BARAUNASII;;;;;
155;17;BRGU;BARIGUICH;;;;;
156;17;BRLS;BBAM;;;;;
157;17;CCDB;BBNEGBM;;;;;
158;17;TFSP;TEFE;;;;;
159;17;YAHA;YAMAHABM;;;;;
160;18;ABCB;ABC BRASIL;ABCB4;28.195.667/0001-06;O Banco tem por objeto a prática de operações ativas. passivas e acessórias inerentes às respectivas carteiras autorizadas pelo Banco Central do Brasil.;Financeiro / Intermediários Financeiros / Bancos;ITAU CORRETORA ACOES
161;18;BAZA;AMAZONIA;BAZA3;04.902.979/0001-44;;Financeiro / Intermediários Financeiros / Bancos;BRADESCO
162;18;BBAS;BRASIL;BBAS11;00.000.000/0001-91;Banco Múltiplo;Financeiro / Intermediários Financeiros / Bancos;BRASIL
163;18;BBDC;BRADESCO;BBDC4;60.746.948/0001-12;Prática de operações bancárias em geral. inclusive câmbio;Financeiro / Intermediários Financeiros / Bancos;BRADESCO
164;18;BBOP;BBOSA;;;;;
165;18;BCGE;;;;;;
166;18;BCLV;BCLV;;;;;
167;18;BGIP;BANESE;BGIP4;13.009.717/0001-46;;Financeiro / Intermediários Financeiros / Bancos;BCO ESTADO DE SERGIPE S.A. - BANESE
168;18;BMAX;MAXINVESTBM;;;;;
169;18;BMEB;MERCANTIL;BMEB4;17.184.037/0001-10;Finanças. Banco Múltiplo;Financeiro / Intermediários Financeiros / Bancos;BANCO MERCANTIL DO BRASIL S.A.
170;18;BMIN;MERC INVEST;BMIN4;34.169.557/0001-72;Investimentos / Financiamentos;Financeiro / Intermediários Financeiros / Bancos;BANCO MERCANTIL DO BRASIL S.A.
171;18;BNBR;NORD BRASIL;BNBR3;07.237.373/0001-20;Banco Múltiplo com Carteira Comercial;Financeiro / Intermediários Financeiros / Bancos;BANCO DO NORDESTE DO BRASIL S.A.
172;18;BPAC;BTGP BANCO;BPAC11;30.306.294/0001-45;A Companhia e suas controladas formam um grupo de prestação de serviços financeiros sediado no Brasil. atuando como banco múltiplo. com carteira de investimento. nos termos da legislação aplicável.;Financeiro / Intermediários Financeiros / Bancos;BRADESCO
173;18;BPAN;BANCO PAN;BPAN4;59.285.411/0001-13;Banco múltiplo com carteira comercial;Financeiro / Intermediários Financeiros / Bancos;BTG PACTUAL SERVIÇOS FINANCEIROS SA DTVM
174;18;BPAR;BANPARA;BPAR3;04.913.711/0001-08;O Banpará. pessoa jurídica de direito privado. constituída como S.A. aberta. de economia mista. estruturada como banco múltiplo. Atua na execução de políticas públicas de fomento à economia do Estado.;Financeiro / Intermediários Financeiros / Bancos;BRADESCO
175;18;BRSR;BANRISUL;BRSR5;92.702.067/0001-96;Banco Múltiplo atuante nas carteiras comercial. crédito. financiamento e investimento. crédito imobiliário. desenvolvimento e arrendamento mercantil e de investimentos.;Financeiro / Intermediários Financeiros / Bancos;BANRISUL
176;18;CEFI;CEDULA;;;;;
177;18;ITCP;INTERCAPBM;;;;;
178;18;PINE;PINE;PINE4;62.144.175/0001-20;Banco regional brasileiro. de capital aberto. que há mais de vinte e cinco anos destaca-se em financiar e assessorar grandes e médias empresas.;Financeiro / Intermediários Financeiros / Bancos;BTG PACTUAL SERVIÇOS FINANCEIROS SA DTVM
179;18;RBPT;RIBEIRAOPRET;;;;;
180;19;BBIO;BELEMBIO;;;;;
181;19;BCEN;;;;;;
182;19;BDWP;BDWPART HOLD;;;;;
183;19;BELA;BELAGRICOLA;;;;;
184;19;BELE;BELA LUNA;;;;;
185;19;BEPK;BEACH PARK;;;;;
186;19;BETP;BETAPART;BETP3;02.762.124/0001-30;Participação em outras sociedades.;Outros / Outros / Outros;ITAU CORRETORA ACOES
187;19;BHGR;BHGSA;;;;www.bhg.net;
188;19;BLMN;BELOMONTE;;;;;
189;19;BMKS;BIC MONARK;BMKS3;56.992.423/0001-90;Fabricação e Comercialização de Bicicletas;Consumo Cíclico / Viagens e Lazer / Bicicletas;BRADESCO
190;19;BMOB;BEMOBI TECH;BMOB3;09.042.817/0001-05;Desenvolvimento e licenciamento de programas de computador não-customizáveis;Tecnologia da Informação / Programas e Serviços / Programas e Serviços;ITAU CORRETORA ACOES
191;19;BMOL;BEMOL S.A.;;;;;
192;19;BMPS;;;;;;
193;19;BPES;;;;;;
194;19;BRGM;BERGAMOCOMER;;;;;
195;19;BVKW;VOLKSWAGENBM;;;;;
196;19;SANB;SANTANDER BR;SANB11;90.400.888/0001-42;Banco Múltiplo com Carteira Comercial;Financeiro / Intermediários Financeiros / Bancos;SANTANDER
197;19;SCHI;BCVBM;;;;;
198;19;SFSA;SOFISABM;;;;www.sofisa.com.br;
199;19;ZXSZ;VOTORANTIMBM;;;;;
200;2;ACHE;ACHELABORAT;;;;;
201;2;ACOV;ACO VERDE;;Industrialização. comercialização. inclusive importação e exportação de produtos siderúrgicos. em especial aço e ferro gusa em todas as suas formas e seus subprodutos.;Não Classificados / Não Classificado / Não Classificados;;EMPRESA
202;2;ACPE;;;;;;
203;2;ACQO;ACQIO HOLDIN;;;;;
204;2;ADAG;ADECOAGRO VA;;;;;
205;2;ADGE;;;;;;
206;2;ADMA;ADAMI;;;;;
207;2;AEAB;;;;;;
208;2;AEGP;AEGEA;;Participação e administração de investimentos como sócia ou acionista. atividades de tratamento de água e esgoto e limpeza urbana e outras atividades relacionadas a saneamento básico;Não Classificados / Não Classificados / Não Classificado;;EMPRESA
209;2;AENB;;;;;;
210;2;AERI;AERIS;AERI3;12.528.708/0001-07;Exploração de negócio de construção e comercialização de pás de rotores para turbinas utilizadas na geração eólica de energia.;Bens Industriais / Máquinas e Equipamentos / Máq. e Equip. Industriais;ITAU CORRETORA ACOES
211;2;AESB;AES BRASIL;AESB3;37.663.076/0001-07;HOLDING DE INSTITUIÇÕES NÃO FINANCEIRAS;Utilidade Pública / Energia Elétrica / Energia Elétrica;ITAU CORRETORA ACOES
212;2;AESO;AESOPERACOES;AESO3;00.194.724/0001-13;Geração e comercialização de energia elétrica;Utilidade Pública / Energia Elétrica / Energia Elétrica;ITAU CORRETORA ACOES
213;2;AETE;AETEAMAZONIA;;;;;
214;2;AFFX;;;;;;
215;2;AHBR;AES HOLD BR;;;;;
216;2;QUAT;QUATA;;;;;
217;2;RNEP;;;;;;
218;2;TCII;AESTUCHOLDII;;;;;
219;2;VRCP;VIRACOPOS;;;;;
220;20;BFFT;BLUEFIT;;Atividades de condicionamento físico;Não Classificados / Não Classificado / Não Classificados;www.bluefit.com.br;EMPRESA
221;20;BFLE;BIOFLEX;;;;;
222;20;BGEN;BINGENSEC;;;;;
223;20;BIOE;;;;;;
224;20;BIOM;BIOMM;BIOM3;04.752.991/0001-10;Empresa brasileira com sua atividade focada no desenvolvimento e comercialização de medicamentos biotecnológicos por meio de parcerias estratégicas e fábrica própria.;Saúde / Medicamentos e Outros Produtos / Medicamentos e Outros Produtos;ITAU CORRETORA ACOES
225;20;BION;BIOPARACATU;;;;;
226;20;BIOP;;;;;;
227;20;BIZC;BIZCAPITAL;;;;;
228;20;BLAU;BLAU;BLAU3;58.430.828/0001-60;A Companhia dedica-se à fabricação. comercialização. pesquisa e desenvolvimento de medicamentos de alta complexidade.;Saúde / Comércio e Distribuição / Medicamentos e Outros Produtos;ITAU CORRETORA ACOES
229;20;BLOC;BLOCK FINANC;;;;;
230;20;BMEP;BMSA;;;;;
231;20;BMHY;BMCHYUNDAI;;;;;
232;20;BMYE;BMYE PARTICI;;;;;
233;20;BNDP;BNDESPAR;;;Financeiro / Serviços Financeiros Diversos / Gestão de Recursos e Investimentos;http://www.bndes.gov.br;BNDES PARTICIPACOES S.A. - BNDESPAR
234;20;BNMS;MELLONDTVM;;;;;
235;20;BNYM;BNYMELLONBC;;;;;
236;20;BOLD;;;;;;
237;20;EPNC;;;;;;
238;20;LDCS;BIOSEVDIS;;;;;
239;20;SOJA;BOA SAFRA;SOJA3;10.807.374/0001-77;Produção de sementes certificadas. exceto de forrageiras para pasto. Comércio atacadista de sementes. flores. plantas e gramas.;Consumo não Cíclico / Agropecuária / Agricultura;ITAU CORRETORA ACOES
240;21;BBHE;;;;;;
241;21;BBRM;BORBTRANSENE;;;;;
242;21;BCEP;;;;;;
243;21;BDLS;BRADESCO LSG;;Prática das operações de arrendamento mercantil. observadas as disposições da legislação em vigor.;Financeiro / Intermediários Financeiros / Soc. Arrendamento Mercantil;www.bradescoleasing.com.br;BRADESCO
244;21;BGCE;BONFIM GERAC;;;;;
245;21;BLTZ;BOLTZMANN EM;;;;;
246;21;BNOM;BONNOMESOLAR;;;;;
247;21;BOBR;BOMBRIL;BOBR4;50.564.053/0001-03;1080;Consumo não Cíclico / Produtos de Uso Pessoal e de Limpeza / Produtos de Limpeza;BRADESCO
248;21;BORG;BORGATO;;;;;
249;21;BPGA;;;;;;
250;21;BPGC;;;;;;
251;21;BRAP;BRADESPAR;BRAP4;03.847.461/0001-92;Participação como sócia ou acionista de outras Sociedades.;Materiais Básicos / Mineração / Minerais Metálicos;BRADESCO
252;21;BRBI;BR PARTNERS;BRBI11;10.739.356/0001-03;Participação em outras sociedades. nacionais ou estrangeiras. na qualidade de sócia. acionista ou quotista. e a administração de bens próprios.;Financeiro / Intermediários Financeiros / Bancos;ITAU CORRETORA ACOES
253;21;BRML;BR MALLS PAR;;Holding;Financeiro / Exploração de Imóveis / Exploração de Imóveis;www.brmalls.com.br;ITAU CORRETORA ACOES
254;21;BRPT;BRPARTNERSBI;;;;;
255;21;BSCL;;;;;;
256;21;BVPL;VIPAL;;A Companhia dedica-se a fabricação. reforma e reparo de pneus.;Não Classificados / Não Classificado / Não Classificados;www.vipal.com.br;BRADESCO
257;21;KLBB;;;;;;
258;21;REBP;;;;;;
259;21;SP1E;;;;;;
260;22;AGRO;BRASILAGRO;AGRO3;07.628.528/0001-59;EMPRESA DE DESENVOLVIMENTO AGROPECUARIO;Consumo não Cíclico / Agropecuária / Agricultura;ITAU CORRETORA ACOES
261;22;BBFU;;;;;;
262;22;BBNK;BRASBUNKER;;;;;
263;22;BLPE;;;;;;
264;22;BPCH;BRASIL PCH;;;;;
265;22;BPLR;BRASILPLURAL;;;;;
266;22;BPSE;BRASILPREV S;;;;;
267;22;BRDO;BRADOSA;;;;;
268;22;BRFA;BRAINFARMA;;;;;
269;22;BRKM;BRASKEM;BRKM5;42.150.391/0001-70;"Produção de produtos químicos. utilidades. energia elétrica e outros;prestação de serviços industriais;participação em outras sociedades;locação de bens; representação/consignação de produtos químicos";Materiais Básicos / Químicos / Petroquímicos;ITAU CORRETORA ACOES
270;22;BRSH;BRASHOPSA;;;;;
271;22;BRVB;BRAVOBEEFSA;;;;;
272;22;BSEN;;;;;;
273;22;BSPC;;;;;;
274;22;BTBP;;;;;;
275;22;BTCL;;;;;;
276;22;BVGE;;;;;;
277;22;MNTI;BRASOILPETRO;;;;;
278;22;MXCS;;;;;;
279;22;TEPA;BR TECNO;;"Participação em sociedades. administração de negócios; análise de necessidades. especificação técnica; assessoria em sistemas/equipamentos de informática; gerência de projetos de informática.";Tecnologia da Informação / Computadores e Equipamentos / Computadores e Equipamentos;ri.brasiltecpar.com.br;BTG PACTUAL SERVIÇOS FINANC. S.A. DTVM
280;23;BHFI;BRES HENRY F;;;;;
281;23;BKRC;;;;;;
282;23;BRBC;BRBCFI;;;;;
283;23;BREL;BRITANIA;;;;;
284;23;BRER;;;;;;
285;23;BRFS;BRF SA;BRFS3;01.838.723/0001-27;Holding Operacional;Consumo não Cíclico / Alimentos Processados / Carnes e Derivados;ITAU CORRETORA ACOES
286;23;BRIT;BRISANET;BRIT3;19.796.586/0001-70;Participação em sociedades cujas atividades estejam relacionadas a serviços de telecomunicações e tecnologia;Comunicações / Telecomunicações / Telecomunicações;BTG PACTUAL SERVIÇOS FINANCEIROS SA DTVM
287;23;BRKS;;;;;;
288;23;BRMU;BRESCO MURIC;;;;;
289;23;BRND;BRENNAND;;;;;
290;23;BRNX;BRINOX;;;;;
291;23;BRST;BRISANET SER;;;;;
292;23;BRTE;BRILHANTEENE;;;;;
293;23;BSCS;BRAZILIAN SC;BSCS-CRIT2B0;03.767.538/0001-14;;Financeiro / Securitizadoras de Recebíveis / Securitizadoras de Recebíveis;BRAZILIAN SECURITIES CIA SECURITIZACAO
294;23;BSLI;BRB BANCO;BSLI4;00.000.208/0001-00;O BRB é uma instituição financeira de economia mista. controlada pelo Governo do Distrito Federal. organizada sob a forma de banco múltiplo.;Financeiro / Intermediários Financeiros / Bancos;BRADESCO
295;23;BTEN;;;;;;
296;23;BTNR;BREITENERHOL;;;;;
297;23;CCHR;;;;;;
298;23;ODBM;BRKAMBIENTAL;;;;;
299;23;RMSA;BRK AMBIENTA;;;Utilidade Pública / Água e Saneamento / Água e Saneamento;www.ri.brkambiental.com.br;ITAU CORRETORA DEBENTURES
300;24;BCAN;BRKBDTVM;;;;;
301;24;BKFE;BROOKFIELDEN;;;;;
302;24;BLIM;;;;;;
303;24;BRKB;BRKAMBIENTA;;;;;
304;24;BRKC;BRKAMBCACADO;;;;;
305;24;BRKL;BRKCFI;;;;;
306;24;BRKN;BRKCENTRONOR;;;;;
307;24;BRKP;BRK AMBI PAR;;Explorar e participar de sociades que explorem serviços públicos de abastecimento de água potável e esgotamento sanitário.;Não Classificados / Não Classificado / Não Classificados;www.ri.brkambiental.com.br;ITAU CORRETORA ACOES
308;24;BRKU;;;;;;
309;24;BRQB;BRQ;BRQB3;36.542.025/0001-64;Prestação de Serviços de Transformação Digital com propósito de acelerar negócios através da inteligência e tecnologia da informação (TI);Tecnologia da Informação / Programas e Serviços / Programas e Serviços;BRADESCO
310;24;BRVI;BRVIAS;;;;;
311;24;BSBE;BSBENERGETIC;;Geração. comercialização e distribuição de energia elétrica. bem como participação e investimentos em outras sociedades com atividades semelhantes ao seu objeto social.;Utilidade Pública / Energia Elétrica / Energia Elétrica;;OLIVEIRA TRUST
312;24;BSME;BSME;;;;;
313;24;BTGH;BTGHOLDING;;;;;
314;24;FOZG;BRKAMBGOIAS;;;;;
315;24;FOZS;RECIFEGOIANA;;;;;
316;24;HVRD;;;;;;
317;24;ODBH;BRKSUMARE;;;;;
318;24;RIOO;BRKOSTRAS;;;;;
319;24;SROP;BRKRIODASOST;;;;;
320;25;BZEP;;;;;;
321;25;C6HG;C6HOLDING SA;;;;;
322;25;CAAT;;;;;;
323;25;CABA;CABAGUASAGRE;;;;;
324;25;CAEC;CAGECE;;Captação. tratamento e distribuição de água;Não Classificados / Não Classificado / Não Classificados;www.cagece.com.br;EMPRESA
325;25;CAEL;;;;;;
326;25;CAEP;ABRILEDUCACA;;;;;
327;25;CAIT;CAIUAENERGIA;;;;;
328;25;CAIV;CAINVESTMENT;;;;;
329;25;CAWP;;;;;;
330;25;CBDB;;;;;;
331;25;CGEN;;;;;;
332;25;CGRS;;;;;;
333;25;CLGE;CALDEIRÃO GR;;;;;
334;25;CLMO;CALAMO;;;;;
335;25;CLNG;CALANGO6;;;;;
336;25;CPTE;CACHOEIRA;;;Utilidade Pública / Energia Elétrica / Energia Elétrica;www.isoluxcorsan.com/cachoeirapaulista;CACHOEIRA PAULISTA TRANSMIS. ENERGIA S.A
337;25;CXSE;CAIXA SEGURI;CXSE3;22.543.331/0001-00;Participar. direta ou indiretamente. do capital de outras sociedades relacionadas a seguridade e corretagem de seguros.;Financeiro / Previdência e Seguros / Seguradoras;BRADESCO
338;25;KEDU;;;;;;
339;25;UNIK;;;;;;
340;26;CAMB;CAMBUCI;CAMB3;61.088.894/0001-08;;Consumo Cíclico / Tecidos. Vestuário e Calçados / Calçados;ITAU CORRETORA ACOES
341;26;CAML;CAMIL;CAML3;64.904.295/0001-03;Industrialização e comercialização de grãos. pescados. açúcar. massas. biscoitos e café.;Consumo não Cíclico / Alimentos Processados / Alimentos Diversos;BTG PACTUAL SERVIÇOS FINANCEIROS SA DTVM
342;26;CASC;;;;;;
343;26;CCCP;CAMCORPART;;;;;
344;26;CCHO;CAMARGO;;;;;
345;26;CCIF;CAMARGOINFRA;;;;;
346;26;CCIM;CC DES IMOB;;;;www.ccdi.com.br;
347;26;CDAI;CARANDAIPART;;;;;
348;26;CFMS;CAMPOFORMOSO;;;;;
349;26;CGCE;CANTAGERACAO;;;;;
350;26;CLGP;CAMPO LARGO;;;;;
351;26;CMFI;CAMPOII;;;;;
352;26;CNBE;CANABRAVA;;;;;
353;26;CNEN;CAMPOSNOVOS;;;;;
354;26;CNOR;CALOINORTE;;;;;
355;26;CPVV;CAMPOSVENTOS;;;;;
356;26;CRNI;CAPRICORNIO;;;;;
357;26;CTRR;CANTAREIRA;;;;;
358;26;CTTP;;;;;;
359;26;IGRS;;;;;;
360;27;CARU;CARUANACFI;;;;;
361;27;CBCF;;;;;;
362;27;CBOS;CBOSERVMARIT;;;;;
363;27;CBVV;;;;;;
364;27;CCAB;CCAB;;;;;
365;27;CCRO;CCR SA;CCRO3;02.846.056/0001-97;Prestadora de serviços públicos por meio de concessões rodoviária. metroviária e aeroportuária. além de prestação de serviços de meio de pagamentos e outros.;Bens Industriais / Transporte / Exploração de Rodovias;ITAU CORRETORA ACOES
366;27;CMSF;;;;;;
367;27;CPCL;;;;;;
368;27;CRBP;CARBONO PART;;;;;
369;27;CRHF;CARBON HOLD;;;;;
370;27;CRNG;;;;;;
371;27;CRUN;CARUANAPART;;;;;
372;27;CSTR;;;;;;
373;27;CSVE;;;;;;
374;27;CTGO;CARTAGOIAS;;;;;
375;27;CTTL;;;;;;
376;27;CVAN;CAVANROCBRA;;;;;
377;27;CVRJ;CASAEVIDEO;;;;;
378;27;HOSK;CARVALHOHOSK;;;;;
379;27;SLFN;CCBBRASILCFI;;;;;
380;28;CDAR;;;;;;
381;28;CDFS;;;;;;
382;28;CEAB;CEA MODAS;CEAB3;45.242.914/0001-05;Atuação no varejo nos setores de vestuário. acessórios. calçados. higiene. eletrônicos. dentre outros.;Consumo Cíclico / Comércio / Tecidos. Vestuário e Calçados;BTG PACTUAL SERVIÇOS FINANCEIROS SA DTVM
383;28;CEAD;CEAII;;;;;
384;28;CEBS;;;;;;
385;28;CEIV;CEAIVCENTRAI;;;;;
386;28;CENB;CENCOSUD BR;;"Comércio (Atacado e Varejo); atividades de panificação. correspondente bancário. estacionamento para veículos. importação e exportação; participação no capital de outras sociedades; dentre outras.";Não Classificados / Não Classificado / Não Classificados;;ITAU CORRETORA ACOES
387;28;CESE;CELSESERGIPE;;;;;
388;28;CHEP;;;;;;
389;28;CLCD;CELESC DISTR;;;;;
390;28;CLEX;CELEO REDES;;;;;
391;28;CLGR;CELESC GERAC;;;;;
392;28;CLOR;CELEO;;Holding;Não Classificados / Não Classificados / Não Classificado;;EMPRESA
393;28;CLSC;CELESC;CLSC4;83.878.892/0001-55;Holding do Setor de Energia;Utilidade Pública / Energia Elétrica / Energia Elétrica;BRADESCO
394;28;CMCB;CAPIMBRANCO;;;;;
395;28;CMGD;CEMIG DIST;;O objetivo da Companhia é estudar. planejar. projetar. construir. operar e explorar sistemas de distribuição e comercialização de energia elétrica e serviços correlatos.;Utilidade Pública / Energia Elétrica / Energia Elétrica;www.cemig.infoinvest.com.br;CEMIG DISTRIBUICAO S.A.
396;28;CMGT;CEMIG GT;;Realiza atividades de geração. transmissão e comercialização de energia elétrica e serviços correlatos que lhe tenham sido ou venham a ser concedidos.;Utilidade Pública / Energia Elétrica / Energia Elétrica;http://ri.cemig.com.br;CEMIG GERACAO E TRANSMISSAO S.A.
397;28;ELET;ELETROBRAS;ELET5;00.001.180/0001-26;Empresa Holding de Geração. Transmissão de Energia;Utilidade Pública / Energia Elétrica / Energia Elétrica;ITAU CORRETORA ACOES
398;28;EPSA;EPASA;;;;;
399;28;MAPT;CEMEPE;MAPT4;93.828.986/0001-73;HOLDING;Outros / Outros / Outros;ITAU CORRETORA ACOES
400;29;CCGR;;;;;;
401;29;CEOL;CAETITEPART;;;;;
402;29;CEPR;EPESA;;;;;
403;29;CETS;E TERRASANTA;;;;;
404;29;EANG;ANGICAL;;;;;
405;29;EBFD;EOLICAFEIJAO;;;;;
406;29;EBFQ;EOLICAFEIJAO;;;;;
407;29;EBFT;EOLICAFEIJAO;;;;;
408;29;EBFU;EOLICAFEIJAO;;;;;
409;29;ECOQ;COQUEIRINHO;;;;;
410;29;ECRP;CORRUPIAO;;;;;
411;29;ECTT;CAITITU;;;;;
412;29;EINH;INHAMBU;;;;;
413;29;ELTN;ELETRONORTE;;;;;
414;29;EOSC;SAOCRISTOVAO;;;;;
415;29;EOSJ;SAOJORGE;;;;;
416;29;EOSP;STOANTONIOPA;;;;;
417;29;ETMD;EOLICATAMAND;;;;;
418;29;SSRU;ASSURUAISPE;;;;;
419;29;TEIU;EOLICATEIU;;;;;
420;3;AFLT;AFLUENTE T;AFLT3;10.338.320/0001-00;Transmissão de Energia Elétrica;Utilidade Pública / Energia Elétrica / Energia Elétrica;ITAU CORRETORA ACOES
421;3;AFYA;;;;;;
422;3;AGAL;AGRICOLA ALV;;;;;
423;3;AGAU;AGASUS S.A.;;Tecnologia e Informática;Bens Industriais / Tecnologia da Informação / Computadores e Equipamentos;;ITAUBANCO - DEBENTURES
424;3;AGEO;AGEO;;;;;
425;3;AGEP;;;;;;
426;3;AGER;;;;;;
427;3;AGLT;AGEO LESTE S;;;;;
428;3;AGML;;;;;;
429;3;AGNN;AGEO NORTE;;;;;
430;3;AGPN;AGIPLANCFI;;;;;
431;3;AGPT;;;;;;
432;3;AGTL;AGRO TALENT;;;;;
433;3;AGVE;VERDESCAMPOS;;;;;
434;3;AGVL;AGROVALE;;;;;
435;3;AGXY;AGROGALAXY;AGXY3;21.240.146/0001-84;Comércio de insumos agrícolas (fertilizantes. defensivos biológicos. inoculantes e sementes) e de grãos;Consumo não Cíclico / Agropecuária / Agricultura;ITAU CORRETORA ACOES
436;3;AJOT;AGROPASTORIL;;;;;
437;3;APRO;;;;;;
438;3;NOWS;AGORATECNOLO;;;;;
439;3;UNLT;AGORACFI;;;;;
440;30;CEBO;;;;;;
441;30;CEFO;;;;;;
442;30;CEII;TERRASANTAII;;;;;
443;30;CENM;;;;;;
444;30;CEOS;CEOSADM;;;;;
445;30;CESO;;;;;;
446;30;CESU;;;;;;
447;30;CFBL;;;;;;
448;30;CFVB;;;;;;
449;30;CPOG;;;;;;
450;30;EAGU;TAIBAAGUIA;;;;;
451;30;EAND;EOLICATAIBA;;;;;
452;30;ECOL;COLONIA;;;;;
453;30;EICA;ICARAII;;;;;
454;30;EICD;ICARAIII;;;;;
455;30;FOSP;;;;;;
456;30;FTSP;FOTOVOLT S P;;;;;
457;30;HITC;CHPALTOCANTI;;;;;
458;30;SPIV;FOTOVOLTSPIV;;;;;
459;30;SUCU;CHSUCURI;;;;;
460;31;ARAM;AGROP ARAME;;;;;
461;31;BICB;CCBBM;;;;www.bicbanco.com.br;
462;31;CASN;CASAN;CASN4;82.508.433/0001-17;Atuar como instituição integrante do sistema de saneamento básico e de saúde do Estado de Santa Catarina através dos serviços de captação. tratamento e distribuição de água e tratamento de esgoto.;Utilidade Pública / Água e Saneamento / Água e Saneamento;ITAUBANCO - ACOES
463;31;CDER;CERENERGIAS;;;;;
464;31;CEEB;COELBA;CEEB5;15.139.629/0001-94;Serviço Público de Distribuição de Energia Elétrica;Utilidade Pública / Energia Elétrica / Energia Elétrica;ITAU CORRETORA ACOES
465;31;CEGR;CEG;CEGR3;33.938.119/0001-69;Distribuição de gás natural na região metropolitana do Estado do Rio de Janeiro.;Utilidade Pública / Gás / Gás;ITAU CORRETORA ACOES
466;31;CERN;CERAN;;;;;
467;31;CERR;CERRADINHO;;Exploração de agricultada em geral. especialmente o plantio de cana-de-açúcar. a fabricação e comércio de açúcar. etanol e seus derivados. de levedura seca e melaço para ração animal. entre outros.;Não Classificados / Não Classificado / Não Classificados;;EMPRESA
468;31;CESP;CESP;;Geração e Comercialização de Energia Elétrica;Não Classificados / Não Classificado / Não Classificados;www.cesp.com.br;ITAUBANCO - ACOES
469;31;CGDE;CGD EMPREEND;;;;;
470;31;CHBR;CHBCH;;;;;
471;31;CHMB;;;;;;
472;31;CHPA;CHAPADAI;;;;;
473;31;CHTE;CHIMARRAOENE;;;;;
474;31;CIEI;CI 004 EMPR;;;;;
475;31;CTRL;CETREL;;;;;
476;31;FTSA;FIAC S ANTON;;;;www.cedro.com.br;
477;31;GPAR;CELGPAR;GPAR3;08.560.444/0001-93;Participação em outras sociedades como acionista ou sócio-cotista e. ainda. a explotação direta ou indireta de serviços de energia elétrica.;Utilidade Pública / Energia Elétrica / Energia Elétrica;ITAUBANCO - ACOES
478;31;PCAR;P.ACUCAR-CBD;PCAR3;47.508.411/0001-56;Comércio Varejista;Consumo não Cíclico / Comércio e Distribuição / Alimentos;ITAU CORRETORA ACOES
479;31;UCAA;CERRADINHOEN;;;;;
480;32;CATA;IND CATAGUAS;CATA4;19.526.748/0001-50;indústria têxtil e a comercialização de fios e tecidos em geral e produtos intermediários têxteis.;Consumo Cíclico / Tecidos. Vestuário e Calçados / Fios e Tecidos;CIA INDUSTRIAL CATAGUASES
481;32;CEBR;CEB;CEBR5;00.070.698/0001-11;HOLDING - GERAÇÃO DE ENERGIA ELÉTRICA E ILUMINAÇÃO PÚBLICA;Utilidade Pública / Energia Elétrica / Energia Elétrica;BRADESCO
482;32;CEDO;CEDRO;CEDO4;17.245.234/0001-00;Indústria têxtil;Consumo Cíclico / Tecidos. Vestuário e Calçados / Fios e Tecidos;BRADESCO
483;32;CEED;CEEE-D;CEED4;08.467.115/0001-00;Prestação de serviços de natureza pública ou privada. no setor de distribuição de energia elétrica.;Utilidade Pública / Energia Elétrica / Energia Elétrica;ITAU CORRETORA ACOES
484;32;CEPE;CELPE;;Estudar. projetar. construir e explorar os sistemas de distribuição e comercialização aos consumidores finais de energia elétrica. bem como a geraçãa de energia elétrica em sistema isolado.;Utilidade Pública / Energia Elétrica / Energia Elétrica;www.celpe.com.br;ITAU CORRETORA ACOES
485;32;CGAS;COMGAS;CGAS5;61.856.571/0001-17;Setor de atividade: Utilidade Pública: Distribuição de gás natural canalizado.;Utilidade Pública / Gás / Gás;ITAUBANCO - ACOES
486;32;CGEE;CEEE-G;;Geração de Energia Elétrica.;Utilidade Pública / Energia Elétrica / Energia Elétrica;;ITAU CORRETORA ACOES
487;32;CHSF;CHESF;;Produção e Transmissão de Energia Elétrica;Não Classificados / Não Classificado / Não Classificados;;EMPRESA
488;32;CMIG;CEMIG;CMIG4;17.155.730/0001-64;Concessionária de serviço público de energia elétrica.;Utilidade Pública / Energia Elétrica / Energia Elétrica;ITAU CORRETORA ACOES
489;32;COCE;COELCE;COCE5;07.047.251/0001-70;Distribuição de energia elétrica.;Utilidade Pública / Energia Elétrica / Energia Elétrica;BTG PACTUAL SERVIÇOS FINANCEIROS SA DTVM
490;32;CPFP;CPFL PIRATIN;;Prestação de serviços públicos de distribuição de energia elétrica.;Utilidade Pública / Energia Elétrica / Energia Elétrica;www.cpfl.com.br;BRASIL
491;32;CPLE;COPEL;CPLE5;76.483.817/0001-20;Geração. Transmissão. Comercialização e Distribuição de Energia Elétrica;Utilidade Pública / Energia Elétrica / Energia Elétrica;ITAU CORRETORA ACOES
492;32;CSRN;COSERN;;Serviço Público de Distribuição de Energia Elétrica;Utilidade Pública / Energia Elétrica / Energia Elétrica;www.cosern.com.br;ITAU CORRETORA ACOES
493;32;CTGE;CGTELETROSUL;;;;;
494;32;FESA;FERBASA;FESA4;15.141.799/0001-03;Fabricação e comercialização dos diversos tipos de ferroligas;Materiais Básicos / Siderurgia e Metalurgia / Siderurgia;ITAU CORRETORA ACOES
495;32;HBTS;HABITASUL;HBTS5;87.762.563/0001-03;"Participação em sociedades. civis ou comerciais; prestação de serviços técnicos de planejamento. organização e estruturação de empresas ou grupos empresariais.";Financeiro / Exploração de Imóveis / Exploração de Imóveis;CIA HABITASUL DE PARTICIPACOES
496;32;LCAM;LOCAMERICA;;A Companhia tem por objeto a atividade de locação de veículos nacionais e importados com ou sem motorista.;Consumo Cíclico / Diversos / Aluguel de carros;www.locamerica.com.br;ITAU CORRETORA ACOES
497;32;MSPA;MELHOR SP;MSPA4;60.730.348/0001-66;;Materiais Básicos / Madeira e Papel / Papel e Celulose;BRADESCO
498;32;PALF;PAUL F LUZ;;Prestação de Serviço Público de Distribuição de Energia Elétrica;Utilidade Pública / Energia Elétrica / Energia Elétrica;www.cpfl.com.br;BRASIL
499;32;PEAB;PAR AL BAHIA;PEAB4;01.938.783/0001-11;Participações em outras sociedades. na qualidade de sócia e/ou quotista e administração de bens próprios;Financeiro / Exploração de Imóveis / Exploração de Imóveis;ITAU CORRETORA ACOES
500;33;5VRT;;;;;;
501;33;CCLS;CICLUS AMBIE;;"Gestão de resíduos sólidos; captação. tratamento e comercialização de biogás; produção e comercialização de créditos de carbono; serviço de tratamento de chorume; operação de aterro sanitário etc.";Utilidade Pública / Água e Saneamento / Água e Saneamento;https://ciclusambiental.com.br/investidores;EMPRESA
502;33;CDDN;CIDADANIA;;;;;
503;33;CFRT;;;;;;
504;33;CIBP;CIBE;;;;;
505;33;CIMO;;;;;;
506;33;CMLA;;;;;;
507;33;CRCG;CIASECURIT;;;;;
508;33;CRFN;VERT PROVI;;;;;
509;33;CSMG;COPASA;CSMG3;17.281.106/0001-03;Planejar. executar. ampliar. remodelar e explorar serviços públicos de saneamento básico. envolvendo abastecimento de água potável. esgotamento sanitário e limpeza urbana e manejo de resíduos sólidos.;Utilidade Pública / Água e Saneamento / Água e Saneamento;BRADESCO
510;33;CSNA;SID NACIONAL;CSNA3;33.042.730/0001-04;A Companhia Siderúrgica Nacional atua nos setores de mineração. siderurgia. logística. cimento e energia.;Materiais Básicos / Siderurgia e Metalurgia / Siderurgia;BRADESCO
511;33;CSVO;;;;;;
512;33;CTNM;COTEMINAS;CTNM4;22.677.520/0001-76;Holding;Consumo Cíclico / Tecidos. Vestuário e Calçados / Fios e Tecidos;CIA TECIDOS NORTE DE MINAS COTEMINAS
513;33;CTSA;SANTANENSE;CTSA4;21.255.567/0001-89;Indústria têxtil;Consumo Cíclico / Tecidos. Vestuário e Calçados / Fios e Tecidos;CIA TECIDOS SANTANENSE
514;33;RSAN;CORSAN;;Abastecimento de água. coleta e tratamento de esgoto sanitário;Não Classificados / Não Classificado / Não Classificados;;ITAUBANCO - ACOES
515;33;SAPR;SANEPAR;SAPR11;76.484.013/0001-45;EXPLORAÇÃO DE SERVIÇOS PÚBLICOS E DE SISTEMAS PRIVADOS DE ABASTECIMENTO DE ÁGUA. DE COLETA. REMOÇÃO E DESTINAÇÃO FINAL DE EFLUENTES E RESÍDUOS SÓLIDOS DOMÉSTICOS E INDUSTRIAIS E SEUS SUBPRODUTOS.;Utilidade Pública / Água e Saneamento / Água e Saneamento;BRADESCO
516;33;SBSP;SABESP;SBSP3;43.776.517/0001-80;Abastecimento de água. esgotamento sanitário. drenagem e manejo de águas pluviais urbanas. limpeza urbana. manejo de resíduos sólidos e energia.;Utilidade Pública / Água e Saneamento / Água e Saneamento;BRADESCO
517;33;SCCC;CIA SEC BMG;;;Não Classificados / Não Classificado / Não Classificados;;EMPRESA
518;33;SCVR;CIASECVERT 2;;;;;
519;33;VERL;VERT-LEVECAP;;;;;
520;34;BCPS;CLAROSA;;;;www.embratel.com.br;
521;34;CHDD;;;;;;
522;34;CIEL;CIELO;;Empresa prestadora de serviços de adquirência e meios de pagamento.;Financeiro / Serviços Financeiros Diversos / Serviços Financeiros Diversos;www.cielo.com.br;BRADESCO
523;34;CIH2;;;;;;
524;34;CIHI;;;;;;
525;34;CIIH;CIRANDAIIHOL;;;;;
526;34;CIMA;CIMAR;;;;;
527;34;CIME;CIMED INDUST;;;;;
528;34;CINL;CINEL;;;;;
529;34;CIPS;CIPASA;;;;;
530;34;CLCA;;;;;;
531;34;CLIS;;;;;;
532;34;CLRJ;;;;;;
533;34;CLRN;CLARINDOPART;;;;;
534;34;CLSA;CLEARSALE;CLSA3;03.802.115/0001-98;Desenvolvimento e licenciamento de programas de computador customizáveis;Financeiro / Serviços Financeiros Diversos / Serviços Financeiros Diversos;BTG PACTUAL SERVIÇOS FINANCEIROS SA DTVM
535;34;CMED;;;;;;
536;34;CMRV;CIDADE MARAV;;;;;
537;34;CMSA;CIMS;CMSA4;00.272.185/0001-93;Participação no Capital de Outras Empresas;Outros / Outros / Outros;BRADESCO
538;34;CSCS;CIFRACFI;;;;;
539;34;DFNG;CLINICADELFI;;;;;
540;35;BRAR;;;;;;
541;35;CAES;CIASERVICOS;;;;;
542;35;CCAI;;;;;;
543;35;CCIA;;;;;;
544;35;CCOA;;;;;;
545;35;CFRI;COMFRIO;;;;;
546;35;CLAG;COLOMBO AGRO;;;;;
547;35;CLBH;;;;;;
548;35;CLND;COLUMBIA;;;;;
549;35;CLNS;COLINAS ENER;;;;;
550;35;CLRE;;;;;;
551;35;COAP;;;;;;
552;35;COAS;;;;;;
553;35;CODE;CODEME;;;;;
554;35;COER;;;;;;
555;35;COGN;COGNA ON;COGN3;02.800.026/0001-40;A Companhia tem por objeto a participação. como sócia ou acionista. em sociedades que explorem a administração de atividades de educação.;Consumo Cíclico / Diversos / Serviços Educacionais;ITAU CORRETORA ACOES
556;35;COMR;COMERC PAR;COMR3;25.369.840/0001-57;"Partic. em outras soc. no setor de energia. infraest. e afins; prestação de serviços de consult. e gerenciamento de energia elétrica de consumidores livres; e compra. import..export..venda de energia";Utilidade Pública / Energia Elétrica / Energia Elétrica;ITAU CORRETORA ACOES
557;35;DPAS;COMERCIALSA;;;;;
558;35;VMSA;VIMASA;;;;;
559;35;VVEO;VIVEO;VVEO3;12.420.164/0001-57;"Distribuição e comércio atacadista de produtos para saúde. incluindo medicamentos. produtos médico-hospitalares e laboratoriais; vacinas para uso humano; dietas e leites nutricionais; cosméticos.";Saúde / Comércio e Distribuição / Medicamentos e Outros Produtos;ITAU CORRETORA ACOES
560;36;AERN;;;;;;
561;36;BAUE;BAUERRJ;;;;;
562;36;CARC;;;;;;
563;36;CBAV;CBA;CBAV3;61.409.892/0001-73;Extração de minério de alumínio. serviços de usinagem. caldeira e montagem de maquinário.;Materiais Básicos / Mineração / Minerais Metálicos;BTG PACTUAL SERVIÇOS FINANCEIROS SA DTVM
564;36;CBBP;PREMIUM;;;;;
565;36;CBHI;;;;;;
566;36;CBPF;;;;;;
567;36;CBVP;CIABRAVIDROS;;;;;
568;36;CDMG;CODEMIG;;;;;
569;36;CEAP;;;;;;
570;36;CNDS;ENERGCANDEIA;;;;;
571;36;CPCC;CIA PART CON;;;;;
572;36;CPDA;;;;;;
573;36;EDSE;COMPANHIA BR;;;;;
574;36;GASM;GASMIG;;Exploração dos serviços públicos de distribuição de gás canalizado. aquisição. armazenamento. transporte. transmissão. distribuição e comercialização de gás combustível ou de subprodutos e derivados.;Não Classificados / Não Classificado / Não Classificados;www.gasmig.com.br;EMPRESA
575;36;ITPE;AGUASDEITAPE;;;;;
576;36;JCRZ;CIAJACAREZIN;;;;;
577;36;KNOA;ENERG CANOAS;;;;;
578;36;MTBA;METRODABAHIA;;;;;
579;36;MTRO;METRO-SP;;É responsável pela operação e expansão de rede metroviária. planejamento de transporte metropolitano de passageiros da Região Metropolitana de São Paulo.;Bens Industriais / Comércio / Material de Transporte;;EMPRESA
580;37;CEJA;CEJA;;;;;
581;37;CFLO;LUZDOOESTE;;;;;
582;37;CMNP;CIAPARANA;;;;;
583;37;CMPD;;;;;;
584;37;CNCC;CIMENTO NAC;;;;;
585;37;CNQB;;;;;;
586;37;CPGS;COMPAGAS;;;;;
587;37;CPJG;CIAJAGUARI;;;;;
588;37;CPNA;CIAALCOOL;;;;;
589;37;CSNP;SINOPENERG;;;Não Classificados / Não Classificados / Não Classificado;https://ri.sinopenergia.com.br;EMPRESA
590;37;CVRT;VERT FINTECH;;;;;
591;37;ENJG;JAGUARA;;;Não Classificados / Não Classificados / Não Classificado;;EMPRESA
592;37;ENMI;MIRANDA;;A principal atividade da Companhia é a geração de energia elétrica mediante a operação da Usina Hidrelétrica Miranda.;Não Classificados / Não Classificados / Não Classificado;;EMPRESA
593;37;GYRA;VERTGYRA;;;;;
594;37;LIGN;CIALIGNA;;;;;
595;37;MTRN;METRONORTE;;;;;
596;37;NEEC;COMPNACIONAL;;;;;
597;37;PTGR;POTIGUAR;;;;;
598;37;RPAY;RECARGAPAYVE;;;;;
599;37;VCP7;VERT-7;;;;;
600;38;AGRU;GRUAIRPORT;AGRU-DEB21;15.578.569/0001-06;Concessão Aeroportuária;Bens Industriais / Transporte / Serviços de Apoio e Armazenagem;ITAU CORRETORA ACOES
601;38;CCNS;CONASA COMPA;;;;;
602;38;CFVT;COMPANHIASEC;;;;;
603;38;CNSA;CONASA;;;;;
604;38;CPOR;COMPORTEPART;;;;;
605;38;CXER;MORRINHOSENE;;;;;
606;38;ECOV;ECOVIAS;;Concessão e exploração de rodovias;Bens Industriais / Transporte / Exploração de Rodovias;www.ecovias.com.br;BRADESCO
607;38;IOUU;COMPANHIA SE;;;;;
608;38;MACN;MARACANA;;;;;
609;38;NEXO;VERT-NEXOOS;;;;;
610;38;PASS;COMPASS;PASS5;21.389.501/0001-81;Holding de empresas do setor de gás combustível ou de subprodutos e derivados. bem como de água e energia elétrica.;Utilidade Pública / Gás / Gás;ITAU CORRETORA ACOES
611;38;RPTA;CONC RAPOSO;;;Bens Industriais / Transporte / Exploração de Rodovias;www.cartsp.com.br/;BRADESCO
612;38;SULD;SULAMERICANA;;;;;
613;38;TRLT;TRANSLESTE;;;;;
614;38;TRSR;TRANSIRAPE;;;;;
615;38;TRSU;TRANSUDESTE;;;;;
616;38;UTRG;;;;;;
617;38;VEEX;;;;;;
618;38;VOLC;COMSECREDFIN;;;;;
619;38;VUME;COMPSECURIT;;;;;
620;39;ALLA;;;;;;
621;39;ANHB;AUTOBAN;;Concessão Rodoviária;Bens Industriais / Transporte / Exploração de Rodovias;www.autoban.com.br;ITAUBANCO - ACOES
622;39;ASCP;ECOPISTAS;;Concessão e exploração de rodovias.;Bens Industriais / Transporte / Exploração de Rodovias;www.ecopistas.com.br;ITAU CORRETORA ACOES
623;39;CAJS;JUTURNAÍBASA;;;;;
624;39;CBCS;CONCESSBCENT;;;;;
625;39;CBHN;BAHIANORTE;;;;;
626;39;CBSS;CONCESSBLOCO;;;;;
627;39;CLMS;LINHA15METRO;;;;;
628;39;CLTM;CONCESSIONÁR;;;;;
629;39;CNLM;LINHA4;;;;;
630;39;CNRD;ROD MS-306;;;;;
631;39;CRBD;RT BANDEIRAS;;Exploração. sob o regime de concessão. do sistema rodoviário constituído pela malha rodoviária estadual do Corredor Dom Pedro I;Bens Industriais / Transporte / Exploração de Rodovias;www.rotadasbandeiras.com.br/ri;BRADESCO
632;39;CRTE;CONC RIO TER;CRTE5;00.938.574/0001-05;Administração. Operação e Conservação de Rodovia;Bens Industriais / Transporte / Exploração de Rodovias;CONCESSIONARIA RIO-TERESOPOLIS S.A.
633;39;FUNE;;;;;;
634;39;LMSP;METROSAOPAUL;;;;;
635;39;MTRJ;CMTRJ;;Prestação de serviços de transporte metroviário na cidade do Rio de Janeiro/atividades correlatas/participação no capital de outras sociedades.;Não Classificados / Não Classificados / Não Classificado;http://ri.metrorio.com.br/;EMPRESA
636;39;RDLA;RODLAGOS;;;;;
637;39;RDVI;RODOV MG-050;;Exploração do Sistema Rodoviário da malha composta pela Rodovia MG-050. trecho entroncamento BR 262 (Juatuba). Itaúna. Divinópolis. Formiga. Piumhi. Passos. São Sebastiãodo Paraíso  Rodovia BR 265.;Não Classificados / Não Classificados / Não Classificado;;EMPRESA
638;39;RDVT;ROD TIETE;RDVT-DEB11;10.678.505/0001-63;;Bens Industriais / Transporte / Exploração de Rodovias;CONCESSIONÁRIA RODOVIAS DO TIETÊ S.A.
639;39;VIAC;VIA COSTEIRA;;;Não Classificados / Não Classificados / Não Classificado;;BRADESCO - DEBENT.
640;4;AAIP;;;;;;
641;4;AANF;;;;;;
642;4;ABSP;;;;;;
643;4;ACMB;CAMBORIUSPE;;;;;
644;4;AGIZ;;;;;;
645;4;AGND;AGROVIA;;;;;
646;4;AGNT;NITEROI;;;;;
647;4;AGOV;;;;;;
648;4;AGPB;AGUASPARAIBA;;;;;
649;4;AGSF;AGUASSAOFRAN;;;;;
650;4;AGTS;TIMONSAN;;;;;
651;4;APNH;PENHASPE;;;;;
652;4;AULE;AGUA LIMPA E;;;;;
653;4;AUSP;SINOP;;;;;
654;4;AVTE;;;;;;
655;4;CABC;AGUASCUIABA;;;;;
656;4;GSTS;AGUASTERESIN;;Serviços públicos de abastecimento de água potável e esgotamento sanitário no Município de Teresina/PI.;Não Classificados / Não Classificado / Não Classificados;;EMPRESA
657;4;PNGU;AGRO PINGUIM;;;;www.grupomonaco.com.br;
658;4;RIS4;AGUAS RIO 4;;Prestação generalizada dos serviços de abastecimento de água e esgotamento sanitário na área da concessão relativos a 8 municípios no Rio de Janeiro. além de 106 bairros na capital do estado.;Não Classificados / Não Classificado / Não Classificados;;
659;4;RISP;ÁGUAS RIO 1;;Prestação regionalizada dos serviços de abastecimento de água e esgotamento sanitário na área da concessão relativos a 18 municípios no Rio de Janeiro. além de 18 bairros na capital do estado.;Não Classificados / Não Classificado / Não Classificados;;
660;40;AEAM;CONCESSAEROP;;;;;
661;40;ARAJ;;;;;;
662;40;CAIF;FLORIANOPOLI;;;;;
663;40;CAPP;;;;;;
664;40;CMSP;MOVESP;;;;;
665;40;CRNP;;;;;;
666;40;CSAA;;;;;;
667;40;CSRR;CONCRIOSP;;Prestadora de serviços de recuperação. operação. manutenção. monitoração. conservação. entre São Paulo e Rio de Janeiro. por meio de concessões de rodovias. pontes. túneis e serviços relacionados.;Bens Industriais / Transporte / Transporte Rodoviário;;ITAUBANCO - DEBENTURES
668;40;ECAR;ECAR;;A realização. sob regime de concessão. da exploração da infraestrutura e da prestação de serviços públicos. conforme Edital de Concessão 01/2021 da Agência Nacional de Transportes Terrestres (ANTT).;Não Classificados / Não Classificados / Não Classificado;https://www.ecoviasdoaraguaia.com.br/;EMPRESA
669;40;ECER;CONCECOVIAS;;A realização. sob regime de concessão. da prestação de serviços públicos. conforme Edital de Concessão 01/2019. da Agência Nacional de Transportes Terrestres (ANTT).;Não Classificados / Não Classificado / Não Classificados;;EMPRESA
670;40;ECPN;ECOPONTE;;Concessão e Exploração de Rodovias;Não Classificados / Não Classificados / Não Classificado;;EMPRESA
671;40;ECVM;CONCESSIONAR;;;;;
672;40;ISUL;RODSUL;;;Não Classificados / Não Classificados / Não Classificado;;BRADESCO
673;40;IVIA;RODPAULISTA;;Concessionaria de Rodovias;Não Classificados / Não Classificado / Não Classificados;;ITAU CORRETORA ACOES
674;40;LNUV;LINHA UNI SA;;;;;
675;40;RDOE;CONCESRODOES;;;;;
676;40;RGRA;;;;;;
677;40;RLMS;;;;;;
678;40;RODT;RODOVIATAMOI;;;;;
679;40;TANA;;;;;;
680;41;ATMM;ATERPA;;;;;
681;41;BAME;;;;;;
682;41;CALI;CONST A LIND;CALI3;61.022.042/0001-18;;Consumo Cíclico / Construção Civil / Incorporações;ITAU CORRETORA ACOES
683;41;CCCC;CCCAMARGOCOR;;;;;
684;41;CNSC;;;;;;
685;41;CNSG;;;;;;
686;41;CONE;CONE;;;;;
687;41;CONF;;;;;;
688;41;CRCF;;;;;;
689;41;CRTR;RODTRIANG;;A exploração. sob regime de concessão. do complexo rodoviário Triangulo Mineiro. conforme Edital de Concessão da Concorrência Internacional n.º 002/2021 da SEINFRA.;Construção e Transporte / Transporte / Exploração de Rodovias;;OLIVEIRA TRUST
690;41;CSCF;CONSIGNADOS;;;;;
691;41;CSSA;;;;;;
692;41;CTOL;VIARIO;;;;;
693;41;CVLT;;;;;;
694;41;ODER;ODERICH;ODER4;97.191.902/0001-94;Indústria de alimentos com sede na cidade de São Sebastião do Caí (RS) e filiais nas cidades de Eldorado do Sul (RS). Pelotas (RS). Orizona (GO) e Salvador (BA).;Consumo não Cíclico / Alimentos Processados / Alimentos Diversos;CONSERVAS ODERICH S.A.
695;41;RATL;ATLANTICO;;;;;
696;41;RDSM;CR SUL MINAS;;A exploração. sob regime de concessão. do complexo rodoviário Sul de Minas. conforme Edital de Concessão da Concorrência Internacional n.º 003/2021 da SEINFRA.;Não Classificados / Não Classificados / Não Classificado;https://eprsuldeminas.com.br/;EMPRESA
697;41;RTCQ;CONCESROTA D;;;;;
698;41;SPMA;SPMAR;;;;;
699;41;TRIU;TRIUNFOSA;;;;;
700;42;CBRL;;;;;;
701;42;CCSP;;;;;;
702;42;CDGS;COPAGAZ DIST;;;;;
703;42;CGEP;COPACABANA;;;;;
704;42;COLE;;;;;;
705;42;CORE;COREMAS HOLD;;;;;
706;42;CORK;;;;;;
707;42;CPEL;;;;;;
708;42;CPGT;COPEL G T SA;;Geração. Transmissão. Comercialização de Energia e Prestação de Serviços Correlatos;Não Classificados / Não Classificado / Não Classificados;;EMPRESA
709;42;CPLD;COPELSA;;Prestação de serviço de distribuição de energia elétrica e serviços correlatos.;Utilidade Pública / Energia Elétrica / Energia Elétrica;https://ri.copel.com/subsidiarias/copel-distribuicao-s-a/;ITAU CORRETORA DEBENTURES
710;42;CPPA;COPAPACOMPAN;;;;;
711;42;CQGV;CONSTRUTORAG;;;;;
712;42;CRII;COREMAS II;;;;;
713;42;CRRP;;;;;;
714;42;CSPS;;;;;;
715;42;CSTI;;;;;;
716;42;CTCP;;;;;;
717;42;CTEP;CORPOREOS;;;;;
718;42;CVCN;CONVICON;;;;;
719;42;TEND;TENDA;TEND3;71.476.527/0001-35;;Consumo Cíclico / Construção Civil / Incorporações;ITAU CORRETORA ACOES
720;43;CDTA;CREDITACFI;;;;;
721;43;CLII;CORREDOR LOG;;;;;
722;43;COTV;COTIAVITORIA;;;;;
723;43;CPCE;;;;;;
724;43;CPFC;CPFLCOMERCBR;;;;;
725;43;CPFE;CPFL ENERGIA;CPFE3;02.429.144/0001-93;Gestão de Participações Societárias (Holdings);Utilidade Pública / Energia Elétrica / Energia Elétrica;BRASIL
726;43;CPFG;CPFL GERACAO;;Geração de Energia Elétrica;Utilidade Pública / Energia Elétrica / Energia Elétrica;www.cpfl.com.br;BRASIL
727;43;CPFS;CPFL;;;;;
728;43;CPMS;CPM;;;;www.braxis.com.br;
729;43;CPQB;CPQBRASIL;;;;;
730;43;CPRE;CPFL RENOVAV;;Geração de energias renováveis.;Utilidade Pública / Energia Elétrica / Energia Elétrica;www.cpflrenovaveis.com.br;ITAU CORRETORA ACOES
731;43;CPXD;;;;;;
732;43;CRED;CREDZ;;;;;
733;43;CREM;;;;;;
734;43;CRMX;CROMEX;;;;;
735;43;CRPL;;;;;;
736;43;CRUM;CORUMBA;;;;;
737;43;CSAN;COSAN;CSAN3;50.746.577/0001-15;Produção de Açúcar. Etanol e Cogeração de Energia. Distribuição de Combustíveis.Produção e Distribuição de Lubrificantes.Tranporte e Carregamento de Açúcar. Operador de Terras e Distribuição de Gás.;Petróleo. Gás e Biocombustíveis / Petróleo. Gás e Biocombustíveis / Exploração. Refino e Distribuição;ITAU CORRETORA ACOES
738;43;CTMS;COTEMINASSA;;;;;
739;43;EEEL;CEEE-T;;Transmissão de Energia Elétrica;Utilidade Pública / Energia Elétrica / Energia Elétrica;www.ceee.com.br;ITAU CORRETORA ACOES
740;44;BRCU;CURA;;;;;
741;44;CMIN;CSNMINERACAO;CMIN3;08.902.291/0001-15;"Mineração e comercialização de minério de ferro. infraestrutura de transporte portuária; geração de energia e participação em sociedades com objeto social compatível com o da Companhia.";Materiais Básicos / Mineração / Minerais Metálicos;BRADESCO
742;44;CRSM;CROMOSSOMOII;;;;;
743;44;CRUE;;;;;;
744;44;CSBN;CSBIO;;;;;
745;44;CSBR;CS BR PARTIC;;;;;
746;44;CSBT;CS BR TRANSP;;;;;
747;44;CSED;CRUZEIRO EDU;CSED3;62.984.091/0001-02;Atividades relacionadas à prestação de serviços do setor de educação e áreas associadas. administração de bens próprios e participação em outras sociedades.;Consumo Cíclico / Diversos / Serviços Educacionais;BRADESCO
748;44;CSFR;CSBRASILFROT;;;;;
749;44;CSHO;CSBRASILHOLD;;;;;
750;44;CSIX;CSIXERS HOLD;;;;;
751;44;CSNS;;;;;;
752;44;CSUD;CSU DIGITAL;CSUD3;01.896.779/0001-38;Terceirização em administração e processamento de meios eletrônicos de pagamento. gestão em terceirização de contact center. desenvolvimento e gestão operacional de programas de fidelidade e incentivo;Financeiro / Serviços Financeiros Diversos / Serviços Financeiros Diversos;BTG PACTUAL SERVIÇOS FINANCEIROS SA DTVM
753;44;CTCA;CTC S.A.;CTCA3;06.981.381/0001-13;Com sua atuação em biotecnologia e melhoramento genético o CTC busca busca promover o aumento da produtividade. a redução de custos e soluções agrícolas e industriais para o setor sucroenergético.;Consumo não Cíclico / Agropecuária / Agricultura;ITAU CORRETORA ACOES
754;44;CURY;CURY S/A;CURY3;08.797.760/0001-83;Somos uma companhia com foco na incorporação e construção de empreendimentos residenciais enquadrados no programa habitacional Minha Casa Minha Vida e Sistema Brasileiro de Poupança e EmpréstimoSBPE;Consumo Cíclico / Construção Civil / Incorporações;BTG PACTUAL SERVIÇOS FINANCEIROS SA DTVM
755;44;CUTI;CUTIA;;;;;
756;44;CVCB;CVC BRASIL;CVCB3;10.760.260/0001-19;Serviços de turismo. compreendendo a intermediação. individualmente ou na forma agregada. de passagens aéreas. transporte terrestre. reservas de hotéis. passagens de cruzeiros marítimos. entre outros.;Consumo Cíclico / Viagens e Lazer / Viagens e Turismo;BTG PACTUAL SERVIÇOS FINANCEIROS SA DTVM
757;44;INGL;CULTURAINGLE;;;;;
758;44;RIGR;;;;;;
759;44;TRPL;TRAN PAULIST;TRPL4;02.998.611/0001-04;Transmissão de Energia Elétrica;Utilidade Pública / Energia Elétrica / Energia Elétrica;ITAU CORRETORA ACOES
760;45;CYRE;CYRELA REALT;CYRE3;73.178.600/0001-18;Incorporação Imobiliária;Consumo Cíclico / Construção Civil / Incorporações;BTG PACTUAL SERVIÇOS FINANCEIROS SA DTVM
761;45;DB3S;;;;;;
762;45;DBSA;DEUTSCHEBM;;;;;
763;45;DCEL;;;;;;
764;45;DCHO;DELIVERY CEN;;;;;
765;45;DEET;DELTA 8;;;;;
766;45;DEHO;;;;;;
767;45;DELG;DELGA;;;;;
768;45;DENE;;;;;;
769;45;DENG;DELTA5;;;;;
770;45;DESA;DELTA6;;;;;
771;45;DESK;DESKTOP;DESK3;08.170.849/0001-15;Serviços de telefonia fixa. telecomunicações sem fio. televisão por assinatura. provedores de acesso às redes de comunicações e voz. tratamento de dados. provedores de serviços de aplicação.;Comunicações / Telecomunicações / Telecomunicações;BTG PACTUAL SERVIÇOS FINANCEIROS SA DTVM
772;45;DETA;DELTA 7;;;;;
773;45;DMTA;;;;;;
774;45;DMVF;D1000VFARMA;DMVF3;12.108.897/0001-50;A Companhia tem por objeto a participação. como sócia ou acionista. em outras sociedades do varejo farmacêutico. nacionais ou estrangeiras.;Saúde / Comércio e Distribuição / Medicamentos e Outros Produtos;BTG PACTUAL SERVIÇOS FINANCEIROS SA DTVM
775;45;DUTI;DELTASULUTIL;;;;;
776;45;DXCO;DEXCO;DXCO3;97.837.181/0001-47;Fabricação. Comércio. Importação e Exportação de Produtos derivados de Madeira. de Produtos de Metais e Materiais Cerâmicos;Materiais Básicos / Madeira e Papel / Madeira;ITAU CORRETORA ACOES
777;45;LLBI;LE BISCUIT;LLBI3;16.233.389/0001-55;;Consumo Cíclico / Comércio / Produtos Diversos;ITAU CORRETORA ACOES
778;45;PTMI;POTAMIENERGI;;;;;
779;45;SRGI;DELTA SUCRO;;;;;
780;46;AGFO;AGUASTRIUNFO;;;;;
781;46;DACM;CAMACARI;;;;;
782;46;DALG;;;;;;
783;46;DASA;DASA;DASA3;61.486.650/0001-83;Medicina Diagnóstica. Hospitais e Oncologia.;Saúde / Serv.Méd.Hospit..Análises e Diagnósticos / Serv.Méd.Hospit..Análises e Diagnósticos;ITAU CORRETORA ACOES
784;46;DBEN;DIBENS LSG;;Arrendamento Mercantil;Financeiro / Intermediários Financeiros / Soc. Arrendamento Mercantil;www.itau-unibanco.com.br/dibensleasing;DIBENS LEASING S.A. - ARREND.MERCANTIL
785;46;DEXP;DEXXOS PAR;DEXP4;02.193.750/0001-52;Holding de instituições não-financeiras;Materiais Básicos / Químicos / Petroquímicos;ITAU CORRETORA ACOES
786;46;DGBL;DGBGEO;;;;;
787;46;DGRA;;;;;;
788;46;DGTL;;;;;;
789;46;DIKK;DICCKER;;;;;
790;46;DIRR;DIRECIONAL;DIRR3;16.614.075/0001-00;Incorporação. construção e comercialização de imóveis próprios ou de terceiros e prestação de serviços de engenharia.;Consumo Cíclico / Construção Civil / Incorporações;ITAU CORRETORA ACOES
791;46;DIXE;;;;;;
792;46;DMAD;DMA DISTRIBU;;;;;
793;46;DMFN;DMFINANCEIRA;DMFN3;91.669.747/0001-92;FINANCIAMENTO DE BENS E SERVIÇOS - INTERMEDIAÇÃO FINANCEIRA;Financeiro / Intermediários Financeiros / Soc. Crédito e Financiamento;BRASIL
794;46;DMPR;DMPARTICIP;;;;;
795;46;DNBG;DIANABIOENER;;;;;
796;46;DPGR;DIPAGRO LTDA;;;;;
797;46;DVOM;DIVCOM;;;;;
798;46;PNVL;DIMED;PNVL3;92.665.611/0001-77;Comercio atacadista e varejista de medicamentos e produtos de perfumaria e toucador;Saúde / Comércio e Distribuição / Medicamentos e Outros Produtos;BRADESCO
799;46;RBPL;;;;;;
800;47;CCTC;;;;;;
801;47;DBRV;DOBREVE;;;;;
802;47;DDQU;;;;;;
803;47;DGSP;DROGARIASP;;;;;
804;47;DMCA;;;;;;
805;47;DMCR;DMCARD;;;;;
806;47;DMCS;DMCARD SEC;;;;;
807;47;DOBR;DOBREVEPART;;;;;
808;47;DOHL;DOHLER;DOHL4;84.683.408/0001-03;Tecelagem de Fios de Algodão e Fibras sintéticas;Consumo Cíclico / Tecidos. Vestuário e Calçados / Fios e Tecidos;BRADESCO
809;47;DOTZ;DOTZ SA;DOTZ3;18.174.270/0001-84;"Desenvolvimento e gerenciamento de programa de fidelização de clientes em razão do consumo de bens e serviços oferecidos por parceiros; comercialização de direitos de resgate e prêmios.";Consumo Cíclico / Diversos / Programas de Fidelização;ITAU CORRETORA ACOES
810;47;DOXB;DOXDOBRASILC;;;;;
811;47;DRDE;;;;;;
812;47;DTCY;DTCOM-DIRECT;DTCY4;03.303.999/0001-36;TREINAMENTO EM DESENVOLVIMENTO PROFISSIONAL E GERENCIAL;Bens Industriais / Serviços / Serviços Diversos;BRADESCO
813;47;DUTE;;;;;;
814;47;DYDC;DYN DC DATA;;;;;
815;47;EBNX;;;;;;
816;47;EPIN;;;;;;
817;47;ESB1;E1 SUBHOLDIN;;;;;
818;47;ESHD;E1SUBHOLDING;;;;;
819;47;REDD;DRREDDYSFARM;;;;;
820;48;CECO;ECO135;;;;;
821;48;EBSE;;;;;;
822;48;EBTE;EBTEEMP;;;;;
823;48;ECGN;ECOGEN;;;;;
824;48;ECHP;ECHOENERGIA;;;;;
825;48;ECIR;;;;;;
826;48;ECJO;;;;;;
827;48;ECOA;ECO SEC AGRO;;Aquisição de direitos creditórios do agronegócio e imobiliários com a consequente emissão de Certificados de Recebíveis do Agronegócio ou Imóbiliários no mercado financeiro e de capitais.;Financeiro / Securitizadoras de Recebíveis / Securitizadoras de Recebíveis;www.ecoagro.agr.br;BNY MELLON SERVIÇOS FINANCEIROS DTVM S.A
828;48;ECOR;ECORODOVIAS;ECOR3;04.149.454/0001-80;Exploração direta ou indireta de negócios de concessão de obras e serviços públicos e organização logísitica do transporte de carga.;Bens Industriais / Transporte / Exploração de Rodovias;ITAU CORRETORA ACOES
829;48;ECPO;ECOPORTO S/A;;;;;
830;48;ECRD;ECORODOANEL;;A realização. sob regime de concessão. da exploração da infraestrutura e da prestação de serviços públicos. conforme Edital de Concessão nº 01/2022 da Agência Nacional de Transportes Terrestres (ANTT);Construção e Transporte / Transporte / Transporte Rodoviário;;ITAUBANCO - DEBENTURES
831;48;ECTE;ECTESA;;;;;
832;48;EDAT;ATICA;;;;;
833;48;EDED;EDUCACIONAL;;;;;
834;48;EDFT;;;;;;
835;48;EDFY;;;;;;
836;48;EDSC;SCIPIONE;;;;;
837;48;ERDV;ECON;;Serviços de apoio administrativo e de engenharia. exploração direta ou indireta de negócios de concessão de obras e serviços públicos.;Bens Industriais / Transporte / Exploração de Rodovias;www.ecorodovias.com.br;ITAU CORRETORA ACOES
838;48;ESAN;;;;;;
839;48;RMGG;ECO050RODO;;;Não Classificados / Não Classificados / Não Classificado;www.eco050.com.br;EMPRESA
840;49;CONR;RODPIRA-PANO;;;Bens Industriais / Transporte / Exploração de Rodovias;;SANTANDER
841;49;DMRJ;ELEA DIGITAL;;Infraestrutura de telecomunicações. com desenvolvimento. construção e operação de redes. fornecimento de serviços. locação e manutenção de equipamentos. locação de espaço físico. hospedagem web.;Comunicações / Telecomunicações / Telecomunicações;;BRADESCO - DEBENT.
842;49;EALT;ACO ALTONA;EALT4;82.643.537/0001-34;Fundição de Ferro e Aço;Bens Industriais / Máquinas e Equipamentos / Máq. e Equip. Industriais;ITAU CORRETORA ACOES
843;49;EBEN;EBE;;Distribuição de energia elétrica;Utilidade Pública / Energia Elétrica / Energia Elétrica;www.bandeirante.com.br;ITAUBANCO - ACOES
844;49;ECSM;ELEMIDIA;;;;;
845;49;EDCM;EDUCAMAIS;;;;;
846;49;EDPA;EDPALIANCASC;;;;;
847;49;EDPC;;;;;;
848;49;EDPR;EDPRENOVAVEI;;;;;
849;49;EDPT;EDPTRANSMISS;;;;;
850;49;EDQP;EDPCENTRAIS;;;;;
851;49;EDTE;DIAMANTINA;;;;;
852;49;EKTR;ELEKTRO;EKTR4;02.328.280/0001-97;Distribuição de Energia Elétrica;Utilidade Pública / Energia Elétrica / Energia Elétrica;ITAU CORRETORA ACOES
853;49;EKTT;;;;;;
854;49;ELJO;ELEJOR;;;;;
855;49;ELPW;ELECTRA;;;;;
856;49;ENBR;ENERGIAS BR;;Área de Negócios: Geração. Distribuição. Transmissão e Comercialização de Energia Elétrica;Utilidade Pública / Energia Elétrica / Energia Elétrica;www.edpbr.com.br;ITAU CORRETORA ACOES
857;49;ESCE;ESCELSA;;Distribuição de energia elétrica;Utilidade Pública / Energia Elétrica / Energia Elétrica;www.escelsa.com.br;ITAUBANCO - ACOES
858;49;HTTP;;;;;;
859;49;MGSP;EDPMG;;;;;
860;5;AALR;ALLIAR;AALR3;42.771.949/0001-35;Prestação de serviços de medicina diagnóstica;Saúde / Serv.Méd.Hospit..Análises e Diagnósticos / Serv.Méd.Hospit..Análises e Diagnósticos;ITAU CORRETORA ACOES
861;5;ABFR;ALCOESTE;;;;;
862;5;ABPS;;;;;;
863;5;ACEL;;;;;;
864;5;ACEN;;;;;;
865;5;AK24;AK 24 EMPREE;;;;;
866;5;ALAP;ALLONDA AMBI;;;;;
867;5;ALES;ALESAT;;;;;
868;5;ALEX;ALEXENERGIAP;;;;;
869;5;ALGC;ALGAR;;;;;
870;5;ALGE;ALIANCA;;;;;
871;5;ALGT;ALGAR TELEC;;Serviços de Telecomunicações em geral;Comunicações / Telecomunicações / Telecomunicações;http://www.algartelecom.com.br;BRADESCO
872;5;ALLD;ALLIED;ALLD3;20.247.322/0001-47;Desenvolvimento e licenciamento de plataformas digitais para comercialização de serviços de tecnologia. além de soluções logísticas e de distribuição de produtos.;Consumo Cíclico / Comércio / Eletrodomésticos;ITAU CORRETORA ACOES
873;5;ASEO;;;;;;
874;5;ASER;AGUASSERTAO;;O principal ramo de atividade da Companhia é a prestação regionalizada de atividades integradas que compreendem a totalidade dos serviços a serem prestados pela Companhia nos termos do Contrato de Con;Utilidade Pública / Água e Saneamento / Água e Saneamento;;BTG PACTUAL SERVIÇOS FINANC. S.A. DTVM
875;5;ASOL;;;;;;
876;5;ATGP;ALIANCATRANS;;;;;
877;5;GRCT;ALGARTI;;;;;
878;5;GRRB;GUARIROBA;;A Companhia presta serviços públicos de abastecimento de água e esgotamento sanitário em toda a área territorial do município de Campo Grande. Estado do Mato Grosso do Sul.;Não Classificados / Não Classificado / Não Classificados;;EMPRESA
879;5;RPAD;ALFA HOLDING;RPAD5;17.167.396/0001-69;Emp. Adm. Part. - Intermediação Financeira;Financeiro / Intermediários Financeiros / Bancos;SANTANDER
880;50;CADR;CALDEIRAO;;;;;
881;50;EATE;EATE;;;;;
882;50;EBAG;EBAM;;;;;
883;50;EBAS;;;;;;
884;50;EBRA;EBRASIL;;;;;
885;50;ECOS;ECOSUL;;;;www.ecosul.com.br;
886;50;ELMD;ELETROMIDIA;ELMD3;09.347.516/0001-81;Prestação de serviços de distribuição e comercialização de painés eletrônicos e publicidade.;Comunicações / Mídia / Publicidade e Propaganda;ITAU CORRETORA ACOES
887;50;ELPL;ELETROPAULO;;Distribuição de energia elétrica;Utilidade Pública / Energia Elétrica / Energia Elétrica;www.aeseletropaulo.com.br;ITAU CORRETORA ACOES
888;50;ELRV;ELETRORIVERS;;;Utilidade Pública / Energia Elétrica / Energia Elétrica;;OLIVEIRA TRUST
889;50;ELZM;ELETROZEMA;;;;;
890;50;EMAE;EMAE;EMAE4;02.302.101/0001-42;Produção de Energia Elétrica;Utilidade Pública / Energia Elétrica / Energia Elétrica;BRADESCO
891;50;EMBR;EMBRAER;EMBR3;07.689.002/0001-89;Projeto. desenvolvimento. fabricação. comercialização de aeronaves e sistemas e fornecimento de suporte e serviços de pós-venda.;Bens Industriais / Material de Transporte / Material Aeronáutico e de Defesa;BTG PACTUAL SERVIÇOS FINANCEIROS SA DTVM
892;50;EMCC;EMCCAMP;;;Não Classificados / Não Classificados / Não Classificado;https://emccamp.com.br/;ITAU CORRETORA ACOES
893;50;EMGP;;;;;;
894;50;EMIV;;;;;;
895;50;EMMP;;;;;;
896;50;EPAR;EMBPAR S/A;EPAR3;42.331.462/0001-31;"Industrialização e comércio de madeiras; Prestação de serviços sob a forma de trading company; Partic. em outras sociedades.";Bens Industriais / Comércio / Material de Transporte;BRADESCO
897;50;ESAM;SAOMANUEL;;;;;
898;50;LIPR;ELETROPAR;LIPR3;01.104.937/0001-70;A ELETROPAR tem por objeto social principal a participação no capital social da ELETROPAULO - Eletricidade de São Paulo S.A.. concessionária de serviços pub. de energia elét.. e de outras sociedades.;Utilidade Pública / Energia Elétrica / Energia Elétrica;ITAU CORRETORA ACOES
899;50;PGMN;PAGUE MENOS;PGMN3;06.626.253/0001-51;Comércio de produtos farmacêuticos. perfumarias e afins. sem manipulação de fórmulas.;Saúde / Comércio e Distribuição / Medicamentos e Outros Produtos;ITAU CORRETORA ACOES
900;51;EGBJ;ENELLAPA;;;;;
901;51;EGCL;ENELCRISTEOL;;;;;
902;51;EGII;ENELCRISTII;;;;;
903;51;ELTE;;;;;;
904;51;EMES;;;;;;
905;51;EMSA;EMS;;;;;
906;51;ENAT;ENAUTA PART;;Participação em sociedades que se dediquem à exploração. produção e comercialização de petróleo. gás natural e seus derivados. seja como sócia ou acionista ou outras formas de associações.;Petróleo. Gás e Biocombustíveis / Petróleo. Gás e Biocombustíveis / Exploração. Refino e Distribuição;www.enauta.com.br;ITAU CORRETORA ACOES
907;51;ENBP;ENC ENERGY B;;;;;
908;51;ENDE;ENELGREEN;;;;;
909;51;ENEL;ENELBRASIL;;;;;
910;51;ENLS;ENELSUDESTE;;;;;
911;51;ENTE;EMPRESANORTE;;;;;
912;51;EOPM;;;;;;
913;51;EPSD;SUDESTETRANS;;;;;
914;51;ETAL;;;;;;
915;51;ETAU;ALTOURUGUAI;;;;;
916;51;ETEM;;;;;;
917;51;ETEP;EMPRPARAENSE;;;;;
918;51;ETES;ETES;;;;;
919;51;ETVG;VARZEAGRANDE;;;;;
920;52;CEAC;ENERGISAACRE;;;;;
921;52;CENF;ENERGISA NF;;;;;
922;52;EAZT;;;;;;
923;52;EGCS;ENELCSOLAR;;;;;
924;52;EGME;ENELEOLICA;;;;;
925;52;EGNL;ENELNOVALAPA;;;;;
926;52;EGNO;ENELSULSOLAR;;;;;
927;52;EGNS;ENELOLINORTE;;;;;
928;52;EGPN;ENELNOVAOLIN;;;;;
929;52;EGSP;SAOPATRICIO;;;;;
930;52;EGVE;ENERGIAVENTO;;;;;
931;52;EGVG;ENELVOLTA;;;;;
932;52;ENER;ENERSUL;;Distribuição de energia elétrica;Utilidade Pública / Energia Elétrica / Energia Elétrica;www.enersul.com.br;ITAUBANCO - ACOES
933;52;ENGT;ENERGEST;;;;;
934;52;ENMT;ENERGISA MT;ENMT4;03.467.321/0001-99;Distribuição de energia elétrica;Utilidade Pública / Energia Elétrica / Energia Elétrica;ITAU CORRETORA ACOES
935;52;ENTS;VENTOSII;;;;;
936;52;ENVE;VENTOSI;;;;;
937;52;ERVE;VENTOSX;;;;;
938;52;ERVT;VENTOSIII;;;;;
939;52;FLCL;ENERGISAMRIO;;Concessionária de serviço público de distribuição de energia.;Utilidade Pública / Energia Elétrica / Energia Elétrica;www.cataguazes.com.br;EMPRESA
940;53;CERO;ELE RONDONIA;;;;;
941;53;CSDC;ENOVA;;;;;
942;53;CTNS;ENERTOCANTIN;;;;;
943;53;EERE;;;;;;
944;53;EESG;ENVIRONMENT;;"Holding de sociedades que atuam no gerenciamento e valorização de resíduos; manufatura reversa; transporte de cargas; produção e comercialização de produtos; e administração de bens próprios.";Não Classificados / Não Classificado / Não Classificados;;EMPRESA
945;53;EGIE;ENGIE BRASIL;EGIE3;02.474.103/0001-19;GERAÇÃO. COMERCIALIZAÇÃO E TRANSMISSÃO DE ENERGIA ELÉTRICA;Utilidade Pública / Energia Elétrica / Energia Elétrica;ITAU CORRETORA ACOES
946;53;EGIT;ENGIE TRANSM;;;;;
947;53;EGLT;ENGELHART;;;Consumo não Cíclico / Agropecuária / Agricultura;ectpbrasil.com;BTG PACTUAL SERVIÇOS FINANCEIROS SA DTVM
948;53;ENDS;ENSEADA DO S;;;;;
949;53;ENEV;ENEVA;ENEV3;04.423.567/0001-21;Empresa atuante na área de energia. em especial no segmento de geração. distribuição. comercialização. exportação e importação de energia elétrica. hidrocarbonetos e seus derivados.;Utilidade Pública / Energia Elétrica / Energia Elétrica;ITAU CORRETORA ACOES
950;53;ENGI;ENERGISA;ENGI11;00.864.214/0001-06;Sociedade de participações em outras empresas. predominantemente em distribuidoras de energia elétrica.;Utilidade Pública / Energia Elétrica / Energia Elétrica;ITAU CORRETORA ACOES
951;53;ENJU;ENJOEI;ENJU3;16.922.038/0001-51;Plataforma digital de compra e venda de para produtos usados. por meio da criação de lojas virtuais pelos próprios usuários;Tecnologia da Informação / Programas e Serviços / Programas e Serviços;BRADESCO
952;53;ENOP;;;;;;
953;53;ENPX;ENERPEIXE;;;;;
954;53;ENSE;ENERGIPE;;Concessionária de serviço público de distribuição de energia elétrica.;Utilidade Pública / Energia Elétrica / Energia Elétrica;www.energisa.com.br;EMPRESA
955;53;ENTV;ENTREVIAS;;Concessão Rodoviária;Não Classificados / Não Classificados / Não Classificado;;EMPRESA
956;53;ESSD;ENERG SUL SU;;A distribuição de energia elétrica de qualquer origem e natureza. podendo realizar outros serviços afins ou complementares relacionados ao seu objeto social.;Não Classificados / Não Classificados / Não Classificado;;EMPRESA
957;53;ETEN;ENERGISATRAN;;Participação no capital de sociedades. na qualidade de sócia. quotista ou acionista. em especial naquelas que tenham como objetivo principal a exploração de serviço de transmissão de energia elétrica.;Não Classificados / Não Classificados / Não Classificado;;EMPRESA
958;53;EUBE;ENGIEUBERLAN;;;;;
959;53;SAEL;ENERGISA PB;;Concessionária de serviço público de distribuição de energia elétrica.;Não Classificados / Não Classificado / Não Classificados;;ITAU CORRETORA ACOES
960;54;ECRJ;PEDRARAJADA;;;;;
961;54;ELVA;VACASII;;;;;
962;54;ELVC;SERRADASVACA;;;;;
963;54;ELVM;EOLICAVERMEL;;;;;
964;54;ELVS;EOLICAVACASI;;;;;
965;54;ELVV;SERRADASVACA;;;;;
966;54;EOAP;;;;;;
967;54;EOAT;;;;;;
968;54;EOII;EOL MARAL II;;;;;
969;54;EOLB;EOLBRISA;;;;;
970;54;EOLV;EOLVENTO;;;;;
971;54;EOLW;EOLWIND;;;;;
972;54;EOMI;EOL MARAL I;;;;;
973;54;EOVC;EOLICAVACAS;;;;;
974;54;ESVH;SERRADASVACA;;;;;
975;54;LANO;EOLICALAGOA;;;;;
976;54;LCNH;EOLICALAN;;;;;
977;54;PASO;EOLICAPARAIS;;;;;
978;54;PJII;PEDRARAJADAI;;;;;
979;54;VMII;EOLICAVERMEL;;;;;
980;55;CEAL;;;;;;
981;55;CGOS;EQTL GOIAS;;;Não Classificados / Não Classificados / Não Classificado;www.celg.com.br;EMPRESA
982;55;CPIS;CEPISA;;;;;
983;55;EPRI;;;;;;
984;55;EQED;;;;;;
985;55;EQMA;EQTLMARANHAO;EQMA5B;06.272.793/0001-84;Empresa distribuidora de energia elétrica para todo o Estado do Maranhão.;Utilidade Pública / Energia Elétrica / Energia Elétrica;ITAU CORRETORA ACOES
986;55;EQPA;EQTL PARA;EQPA5;04.895.728/0001-80;Distribuição de energia elétrica;Utilidade Pública / Energia Elétrica / Energia Elétrica;ITAU CORRETORA ACOES
987;55;EQSE;;;;;;
988;55;EQSP;EQUATORIAL 3;;;;;
989;55;EQTC;EQUATORIAL5;;;;;
990;55;EQTI;;;;;;
991;55;EQTL;EQUATORIAL;EQTL3;03.220.438/0001-73;Holding com participação em sociedades no setor de energia elétrica e saneamento.;Utilidade Pública / Energia Elétrica / Energia Elétrica;ITAU CORRETORA ACOES
992;55;EQTN;EQUATORIAL 2;;;;;
993;55;EQTS;EQUATORIAL 1;;;;;
994;55;EQUA;EQUATORIALTR;;;;;
995;55;ESVP;;;;;;
996;55;ESVV;VACASV;;;;;
997;55;ETSP;EQUATO 7 SPE;;Explorar e operar a concessão de serviço público de transmissão de energia elétrica para construção. montagem e manutenção de instalações de transmissão.;Não Classificados / Não Classificados / Não Classificado;;EMPRESA
998;55;EVII;EOLICAVACAVI;;;;;
999;55;SSTN;EOLICASERRAS;;;;;
1000;56;9ESP;;;;;;
1001;56;AEGE;GRUAINVEST;;;;;
1002;56;CGBP;CONTOUR;;;Utilidade Pública / Energia Elétrica / Energia Elétrica;;OLIVEIRA TRUST
1003;56;CPXB;ETCCAPIXABA;;;;;
1004;56;EATL;ESTALEIROSUL;;;;;
1005;56;EFXB;EQUIFAXBRL;EFXB31;47.321.544/0001-19;;;
1006;56;ENGE;;;;;;
1007;56;EPEH;;;;;;
1008;56;EQTR;EQUATO 8 SPE;;Explorar e operar a concessão de serviço público de transmissão de energia elétrica para a construção. montagem. operação e manutenção de instalações de transmissão;Não Classificados / Não Classificados / Não Classificado;;EMPRESA
1009;56;EREN;EREN DRACENA;;;;;
1010;56;ETAP;ETAPPOTIGUAR;;;;;
1011;56;ETBA;ETB - TRANSM;;;;;
1012;56;ETCP;ETC;;;;;
1013;56;ETER;ETERNIT;ETER3;61.092.037/0001-81;Industrialização e comercialização de telhas de fibrocimento. além de ter atuação na industrialização e comercialização de telhas de concreto e telhas solares. bem como outros materiais de construção.;Bens Industriais / Construção e Engenharia / Produtos para Construção;ITAU CORRETORA ACOES
1014;56;ETRE;ESTREAMBIENT;;;;;
1015;56;EUCA;EUCATEX;EUCA4;56.643.018/0001-66;Indústria e Comércio de chapas de fibra de madeira;Materiais Básicos / Madeira e Papel / Madeira;BTG PACTUAL SERVIÇOS FINANCEIROS SA DTVM
1016;56;EUFA;;;;;;
1017;56;EVEN;EVEN;EVEN3;43.470.988/0001-65;Construção. incorporação e loteamento.;Consumo Cíclico / Construção Civil / Incorporações;ITAU CORRETORA ACOES
1018;56;MCFI;ESTRELACFI;;;;;
1019;56;MGES;;;;;;
1020;57;BAUH;EXCELSIOR;BAUH4;95.426.862/0001-97;Atua na produção e comercialização de patês em bisnagas. sendo seus principais produtos: presuntos. fiambres. mortadelas. linguiças. salsichas e patês.;Consumo não Cíclico / Alimentos Processados / Carnes e Derivados;ITAU CORRETORA ACOES
1021;57;EVLZ;EVOLTZ PART;;;;;
1022;57;EVOL;EVOLTZ IV;;;;;
1023;57;EVTC;EVERTEC INC;EVTC31;51.682.068/0001-39;;;
1024;57;EXAS;;;;;;
1025;57;EXAT;;;;;;
1026;57;EXEI;;;;;;
1027;57;EXTE;EXPANSION;;;;;
1028;57;EXTZ;EXTREMOZ;;;;;
1029;57;EZTC;EZTEC;EZTC3;08.312.229/0001-73;(a) Incorporação e comercialização de empreendimentos imobiliários de qualquer natureza. (b) administração e locação de imóveis prórpios. (c) loteamento de terrenos. (d) construção de condomínios ...;Consumo Cíclico / Construção Civil / Incorporações;ITAU CORRETORA ACOES
1030;57;FABZ;FABZOSA;;;;;
1031;57;FAMR;FABRIMARS.A.;;;;;
1032;57;FARX;;;;;;
1033;57;FCMN;FAGUNDES CON;;;;;
1034;57;FCTA;FACTACFI;;;;;
1035;57;FMUE;;;;;;
1036;57;NEPO;;;;;;
1037;57;NISS;NISSEI FARMA;;Comércio varejista de produtos farmacêuticos. alimentos. cosméticos. e outros produtos. bem como o comércio atacadista de medicamentos e materiais em geral.;Não Classificados / Não Classificados / Não Classificado;;ITAU CORRETORA ACOES
1038;57;PTPA;;;;;;
1039;57;VINH;;;;;;
1040;58;BFTS;FT CAPSTRENG;BFTS39;;;;
1041;58;FACL;FARO ENERGY;;;;;
1042;58;FASP;;;;;;
1043;58;FATE;FATPART;;;;;
1044;58;FAZE;;;;;;
1045;58;FBRI;;;;;;
1046;58;FBRX;;;;;;
1047;58;FCCL;;;;;;
1048;58;FEEN;FEENIX;;;;;
1049;58;FENS;FERROVNS;;Empresa de logística e transporte ferroviário de carga. sob o regime de subconcessão.;Não Classificados / Não Classificado / Não Classificados;;EMPRESA
1050;58;FFLV;;;;;;
1051;58;FGEN;FGENERGIA;;construção. operação e exploração de potencial de energia hidráulica e comercialização ou utilização da energia elétrica produzida;Utilidade Pública / Energia Elétrica / Energia Elétrica;www.ferreiragomesenergia.com.br;ITAU CORRETORA ACOES
1052;58;FGRU;FGRURBANISMO;;;;;
1053;58;FHER;FER HERINGER;FHER3;22.266.175/0001-88;Produção. comercialização e distribuição de fertilizantes. com atuação nacional.;Materiais Básicos / Químicos / Fertilizantes e Defensivos;ITAU CORRETORA ACOES
1054;58;FIEI;FICA;FIEI3;07.820.907/0001-46;Incorporação Imobiliária;Consumo Cíclico / Construção Civil / Incorporações;ITAU CORRETORA ACOES
1055;58;FIOS;;;;;;
1056;58;FRAG;FERRARI AGRO;;;;;
1057;58;FRTR;FARTURA AGRO;;;;;
1058;58;FSHO;FASTSHOP S;;;;;
1059;58;VSPT;FER C ATLANT;VSPT4;00.924.429/0001-75;Serviço de Transporte Ferroviário;Bens Industriais / Transporte / Transporte Ferroviário;BRADESCO
1060;6;AASN;;;;;;
1061;6;AENR;;;;;;
1062;6;AERS;;;;;;
1063;6;ALMC;;;;;;
1064;6;ALMJ;ALMEIDA;;;;;
1065;6;ALMZ;ALUMAZON;;;;;
1066;6;ALOS;ALLOS;ALOS3;05.878.397/0001-32;Planejamento. desenvolvimento. implantação e investimentos na área imobiliária. nomeadamente em Shopping Centers e a participação em outras sociedades e/ou em fundos de investimento imobiliário.;Financeiro / Exploração de Imóveis / Exploração de Imóveis;ITAU CORRETORA ACOES
1067;6;ALPA;ALPARGATAS;ALPA4;61.079.117/0001-05;Indústria e comércio de calçados e artigos esportivos;Consumo Cíclico / Tecidos. Vestuário e Calçados / Calçados;ITAU CORRETORA ACOES
1068;6;ALPK;ESTAPAR;ALPK3;60.537.263/0001-66;"Outras atividades de publicidade não especificadas anteriormente; gestão de ativos intangíveis não-financeiros; outras atividades de serviços pessoais não especificadas anteriormente.";Bens Industriais / Serviços / Serviços Diversos;BTG PACTUAL SERVIÇOS FINANCEIROS SA DTVM
1069;6;ALSR;ALSOL;;;;;
1070;6;ALTF;ALTHAIA SA;;A Companhia dedica-se à industrialização. comercialização e distribuição de produtos farmacêuticos em geral.;Saúde / Medicamentos e Outros Produtos / Medicamentos e Outros Produtos;;ITAU CORRETORA DEBENTURES
1071;6;ALTR;ALTERE SEC;;aquisição e securitização de recebíveis imobiliários e agrícola. a emissão e colocação no mercado financeiro. de Certificados e Recebíveis Imobiliários. Certificados de Recebíveis Agrícolas e Créditos;Financeiro / Securitizadoras de Recebíveis / Securitizadoras de Recebíveis;www.alteresec.com.br;ALTERE SECURITIZADORA S.A.
1072;6;ALUB;ALUBAM;;;;;
1073;6;ALUP;ALUPAR;ALUP11;08.364.948/0001-38;"a participação em outras sociedades atuantes nos setores de energia e infra-estrutura. no Brasil ou no exterior; a geração. transformação. transporte. a distribuiçãoe o comércio de energia.";Utilidade Pública / Energia Elétrica / Energia Elétrica;ITAU CORRETORA ACOES
1074;6;ALUS;ALUSAENG;;;;;
1075;6;AMPS;AMAM;;;;;
1076;6;AUSA;ALPHAVILLE U;;;;;
1077;6;AVLL;ALPHAVILLE;AVLL3;16.811.931/0001-00;Holding controladora de empresas que atuam no setor de urbanismo e desenvolvimento de empreendimentos imobiliários.;Consumo Cíclico / Construção Civil / Incorporações;BRADESCO
1078;6;CBLT;ALVOAR LACT;;;;;
1079;6;EXCO;EXITO;EXCO32;23.041.875/0001-37;Comércio Varejista.;Consumo não Cíclico / Comércio e Distribuição / Alimentos;
1080;7;AATA;AMATA;;;;;
1081;7;ABEV;AMBEV S/A;ABEV3;07.526.557/0001-00;Fabricação e distribuição de cervejas. refrigerantes e bebidas não carbonatadas e não alcoólicas.;Consumo não Cíclico / Bebidas / Cervejas e Refrigerantes;BRADESCO
1082;7;ABPA;;;;;;
1083;7;AGUT;AGUTIERREZ;;;;;
1084;7;AMBA;AMBARENERGIA;;;;;
1085;7;AMBP;AMBIPAR;AMBP3;12.648.266/0001-24;Gerenciamento e valorização de resíduos. bem como. prestação de serviços de atendimento a emergência.;Utilidade Pública / Água e Saneamento / Água e Saneamento;BRADESCO
1086;7;AMER;AMERICANAS;AMER3;00.776.574/0001-56;Comércio varejista e atacadista em geral de quaisquer bens e serviços por meio de diversos meios. em especial. da Internet e de lojas físicas. sem restrição a outros meios.;Consumo Cíclico / Comércio / Produtos Diversos;ITAU CORRETORA ACOES
1087;7;AMMS;AMBIENTAL MS;;;;;
1088;7;AMSC;;;;;;
1089;7;AMTG;AM GER TRANS;;;;;
1090;7;AMTL;;;;;;
1091;7;AMTR;;;;;;
1092;7;ANDA;ANDALIAS;;;;;
1093;7;ANDH;ANDORINHA;;;;;
1094;7;ANEM;ANEMUS WIND;;;;;
1095;7;ANET;AMERICA NET;;;;;
1096;7;ARUG;AMBARURUGUAI;;;;;
1097;7;ATBR;;;;;;
1098;7;CANT;AGPART;;;;;
1099;7;CBEE;AMPLA ENERG;CBEE3;33.050.071/0001-58;Distribuição de energia elétrica;Utilidade Pública / Energia Elétrica / Energia Elétrica;BTG PACTUAL SERVIÇOS FINANCEIROS SA DTVM
1100;8;AARJ;AQUARIO;;;;;
1101;8;ACES;APERAM;;;;www.acesita.com.br;
1102;8;AEDU;;;;;;
1103;8;AEEP;ARGO ENERGIA;;Holdings de instituições não-financeiras.;Não Classificados / Não Classificados / Não Classificado;;EMPRESA
1104;8;AFOZ;;;;;;
1105;8;AGBP;;;;;;
1106;8;AGEM;;;;;;
1107;8;ANIM;ANIMA;ANIM3;09.288.252/0001-32;Administração. direta ou indireta. de atividade de instituições de 3º e 4º graus. educação profissional.;Consumo Cíclico / Diversos / Serviços Educacionais;BRADESCO
1108;8;AOVS;;;;;;
1109;8;APOL;APOLLO 17;;;;;
1110;8;ARCV;ARCOVERDE;;;;;
1111;8;AREG;AREIAENERGIA;;;;;
1112;8;ARGV;ARGOVTRANS;;;Utilidade Pública / Energia Elétrica / Energia Elétrica;;ITAU CORRETORA DEBENTURES
1113;8;ARON;ARES ONE PAR;;;;;
1114;8;ARPR;ARES 2 PARTI;;;;;
1115;8;ARSN;ARAUCARIA;;;;;
1116;8;ARSP;ARCOS SANEAM;;;;;
1117;8;ASPF;APSEN FARMA;;;;;
1118;8;INSU;ARCOINSURETE;;;;;
1119;8;TRGO;ARGOTRANSM;;Exploração de concessões de serviços públicos de transmissão de energia. prestado mediante a implantação. operação e manutenção de linhas de transmissão e demais serviços complementares necessários;Não Classificados / Não Classificados / Não Classificado;;EMPRESA
1120;9;0HBV;;;;;;
1121;9;AERE;;;;;;
1122;9;AISA;;;;;;
1123;9;AMTE;ARMAZEMMATEU;;;;;
1124;9;ARKL;;;;;;
1125;9;ARMB;ARMCO;;;;;
1126;9;ARML;ARMAC;ARML3;00.242.184/0001-04;Locação de máquinas e equipamentos pesados;Bens Industriais / Máquinas e Equipamentos / Máq. e Equip. Industriais;ITAU CORRETORA ACOES
1127;9;ARQU;ARTECOLA;;;;;
1128;9;ARTP;ARTEON Z S/A;;;;;
1129;9;ARTR;ARTERIS;;Gerenciamento de concessões públicas;Bens Industriais / Transporte / Exploração de Rodovias;www.arteris.com.br;ITAU CORRETORA ACOES
1130;9;ASAB;ASABRANCAH;;;;;
1131;9;ASCS;ASCENSUS GES;;;;;
1132;9;ASCV;;;;;;
1133;9;ASCY;ASCENTYSA;;;;;
1134;9;ASIC;ASA;;;;;
1135;9;ASSR;;;;;;
1136;9;ASTP;;;;;;
1137;9;CPNB;ARTHURLUNDG;;;;;
1138;9;SPRZ;ARGOVITRANS;;;Utilidade Pública / Energia Elétrica / Energia Elétrica;;ITAU CORRETORA DEBENTURES
1139;9;TJMM;ARGOTRANSVII;;;Utilidade Pública / Energia Elétrica / Energia Elétrica;;ITAU CORRETORA DEBENTURES
